https://www.hareruyamtg.com/ja/products/detail/122186?lang=JP	yJPzyFoilzs‹@ŠB‰»í/Mechanized Warfaret[BRO] ÔR        	Foil	JP	200	18
https://www.hareruyamtg.com/ja/products/detail/121597?lang=EN	yENzs‹@ŠB‰»í/Mechanized Warfaret[BRO] ÔR        		EN	150	31
https://www.hareruyamtg.com/ja/products/detail/122186?lang=EN	yENzyFoilzs‹@ŠB‰»í/Mechanized Warfaret[BRO] ÔR        	Foil	EN	150	14
https://www.hareruyamtg.com/ja/products/detail/122188?lang=JP	yJPzyFoilzsƒ~ƒVƒ…ƒ‰‚Ì–½—ß/Mishra&#039;s Commandt[BRO] ÔR        	Foil	JP	100	0
https://www.hareruyamtg.com/ja/products/detail/121599?lang=EN	yENzsƒ~ƒVƒ…ƒ‰‚Ì–½—ß/Mishra&#039;s Commandt[BRO] ÔR        		EN	50	7
https://www.hareruyamtg.com/ja/products/detail/121600?lang=JP	yJPzsƒ~ƒVƒ…ƒ‰‚Ìx”z/Mishra&#039;s Dominationt[BRO] ÔC        		JP	20	14
https://www.hareruyamtg.com/ja/products/detail/122189?lang=JP	yJPzyFoilzsƒ~ƒVƒ…ƒ‰‚Ìx”z/Mishra&#039;s Dominationt[BRO] ÔC        	Foil	JP	20	69
https://www.hareruyamtg.com/ja/products/detail/121600?lang=EN	yENzsƒ~ƒVƒ…ƒ‰‚Ìx”z/Mishra&#039;s Dominationt[BRO] ÔC        		EN	20	30
https://www.hareruyamtg.com/ja/products/detail/122189?lang=EN	yENzyFoilzsƒ~ƒVƒ…ƒ‰‚Ìx”z/Mishra&#039;s Dominationt[BRO] ÔC        	Foil	EN	20	23
https://www.hareruyamtg.com/ja/products/detail/121601?lang=JP	yJPzsƒ~ƒVƒ…ƒ‰‚Ì–ÒU/Mishra&#039;s Onslaughtt[BRO] ÔC        		JP	20	23
https://www.hareruyamtg.com/ja/products/detail/122190?lang=JP	yJPzyFoilzsƒ~ƒVƒ…ƒ‰‚Ì–ÒU/Mishra&#039;s Onslaughtt[BRO] ÔC        	Foil	JP	20	80
https://www.hareruyamtg.com/ja/products/detail/121601?lang=EN	yENzsƒ~ƒVƒ…ƒ‰‚Ì–ÒU/Mishra&#039;s Onslaughtt[BRO] ÔC        		EN	20	30
https://www.hareruyamtg.com/ja/products/detail/122190?lang=EN	yENzyFoilzsƒ~ƒVƒ…ƒ‰‚Ì–ÒU/Mishra&#039;s Onslaughtt[BRO] ÔC        	Foil	EN	20	19
https://www.hareruyamtg.com/ja/products/detail/121598?lang=JP	yJPzsÌŒ@‚Ì_“¶Aƒ~ƒVƒ…ƒ‰/Mishra, Excavation Prodigyt[BRO] ÔU        		JP	50	25
https://www.hareruyamtg.com/ja/products/detail/122187?lang=JP	yJPzyFoilzsÌŒ@‚Ì_“¶Aƒ~ƒVƒ…ƒ‰/Mishra, Excavation Prodigyt[BRO] ÔU        	Foil	JP	50	23
https://www.hareruyamtg.com/ja/products/detail/121598?lang=EN	yENzsÌŒ@‚Ì_“¶Aƒ~ƒVƒ…ƒ‰/Mishra, Excavation Prodigyt[BRO] ÔU        		EN	50	23
https://www.hareruyamtg.com/ja/products/detail/122187?lang=EN	yENzyFoilzsÌŒ@‚Ì_“¶Aƒ~ƒVƒ…ƒ‰/Mishra, Excavation Prodigyt[BRO] ÔU        	Foil	EN	50	17
https://www.hareruyamtg.com/ja/products/detail/121602?lang=JP	yJPzs‘m‰@‚Ì‘¬‘„/Monastery Swiftspeart[BRO] ÔU        		JP	50	53
https://www.hareruyamtg.com/ja/products/detail/122191?lang=JP	yJPzyFoilzs‘m‰@‚Ì‘¬‘„/Monastery Swiftspeart[BRO] ÔU        	Foil	JP	50	11
https://www.hareruyamtg.com/ja/products/detail/121602?lang=EN	yENzs‘m‰@‚Ì‘¬‘„/Monastery Swiftspeart[BRO] ÔU        		EN	50	41
https://www.hareruyamtg.com/ja/products/detail/121603?lang=JP	yJPzs–•Á‚·‚éˆîÈ/Obliterating Boltt[BRO] ÔU        		JP	250	77
https://www.hareruyamtg.com/ja/products/detail/122192?lang=JP	yJPzyFoilzs–•Á‚·‚éˆîÈ/Obliterating Boltt[BRO] ÔU        	Foil	JP	250	9
https://www.hareruyamtg.com/ja/products/detail/121603?lang=EN	yENzs–•Á‚·‚éˆîÈ/Obliterating Boltt[BRO] ÔU        		EN	200	28
https://www.hareruyamtg.com/ja/products/detail/121604?lang=JP	yJPzs‚â‚è‰ß‚¬/Over the Topt[BRO] ÔR        		JP	50	44
https://www.hareruyamtg.com/ja/products/detail/122193?lang=JP	yJPzyFoilzs‚â‚è‰ß‚¬/Over the Topt[BRO] ÔR        	Foil	JP	50	39
https://www.hareruyamtg.com/ja/products/detail/121604?lang=EN	yENzs‚â‚è‰ß‚¬/Over the Topt[BRO] ÔR        		EN	50	49
https://www.hareruyamtg.com/ja/products/detail/121605?lang=JP	yJPzsƒyƒ“ƒŒƒSƒ“‚Ì„‹/Penregon Strongbullt[BRO] ÔC        		JP	20	29
https://www.hareruyamtg.com/ja/products/detail/122194?lang=JP	yJPzyFoilzsƒyƒ“ƒŒƒSƒ“‚Ì„‹/Penregon Strongbullt[BRO] ÔC        	Foil	JP	20	55
https://www.hareruyamtg.com/ja/products/detail/121605?lang=EN	yENzsƒyƒ“ƒŒƒSƒ“‚Ì„‹/Penregon Strongbullt[BRO] ÔC        		EN	20	30
https://www.hareruyamtg.com/ja/products/detail/122194?lang=EN	yENzyFoilzsƒyƒ“ƒŒƒSƒ“‚Ì„‹/Penregon Strongbullt[BRO] ÔC        	Foil	EN	20	21
https://www.hareruyamtg.com/ja/products/detail/121606?lang=JP	yJPzs‘ã”j/Pyrrhic Blastt[BRO] ÔU        		JP	30	23
https://www.hareruyamtg.com/ja/products/detail/122195?lang=JP	yJPzyFoilzs‘ã”j/Pyrrhic Blastt[BRO] ÔU        	Foil	JP	30	26
https://www.hareruyamtg.com/ja/products/detail/121606?lang=EN	yENzs‘ã”j/Pyrrhic Blastt[BRO] ÔU        		EN	30	28
https://www.hareruyamtg.com/ja/products/detail/122195?lang=EN	yENzyFoilzs‘ã”j/Pyrrhic Blastt[BRO] ÔU        	Foil	EN	30	13
https://www.hareruyamtg.com/ja/products/detail/121607?lang=JP	yJPzsÄ‚«“¢‚¿/Raze to the Groundt[BRO] ÔC        		JP	20	20
https://www.hareruyamtg.com/ja/products/detail/122196?lang=JP	yJPzyFoilzsÄ‚«“¢‚¿/Raze to the Groundt[BRO] ÔC        	Foil	JP	20	43
https://www.hareruyamtg.com/ja/products/detail/121607?lang=EN	yENzsÄ‚«“¢‚¿/Raze to the Groundt[BRO] ÔC        		EN	20	29
https://www.hareruyamtg.com/ja/products/detail/122196?lang=EN	yENzyFoilzsÄ‚«“¢‚¿/Raze to the Groundt[BRO] ÔC        	Foil	EN	20	13
https://www.hareruyamtg.com/ja/products/detail/121608?lang=JP	yJPzsƒƒbƒN’¹ë‚è/Roc Huntert[BRO] ÔC        		JP	20	30
https://www.hareruyamtg.com/ja/products/detail/122197?lang=JP	yJPzyFoilzsƒƒbƒN’¹ë‚è/Roc Huntert[BRO] ÔC        	Foil	JP	20	79
https://www.hareruyamtg.com/ja/products/detail/121608?lang=EN	yENzsƒƒbƒN’¹ë‚è/Roc Huntert[BRO] ÔC        		EN	20	31
https://www.hareruyamtg.com/ja/products/detail/122197?lang=EN	yENzyFoilzsƒƒbƒN’¹ë‚è/Roc Huntert[BRO] ÔC        	Foil	EN	20	19
https://www.hareruyamtg.com/ja/products/detail/121609?lang=JP	yJPzsƒTƒ‹ƒfƒBƒA‚ÌŠİ•Ç“¥‚İ/Sardian Cliffstompert[BRO] ÔU        	Foil	JP	30	22
https://www.hareruyamtg.com/ja/products/detail/122198?lang=JP	yJPzyFoilzsƒTƒ‹ƒfƒBƒA‚ÌŠİ•Ç“¥‚İ/Sardian Cliffstompert[BRO] ÔU        	Foil	JP	30	30
https://www.hareruyamtg.com/ja/products/detail/121609?lang=EN	yENzsƒTƒ‹ƒfƒBƒA‚ÌŠİ•Ç“¥‚İ/Sardian Cliffstompert[BRO] ÔU        	Foil	EN	30	22
https://www.hareruyamtg.com/ja/products/detail/122198?lang=EN	yENzyFoilzsƒTƒ‹ƒfƒBƒA‚ÌŠİ•Ç“¥‚İ/Sardian Cliffstompert[BRO] ÔU        	Foil	EN	30	15
https://www.hareruyamtg.com/ja/products/detail/121610?lang=JP	yJPzshR‚·‚éŒZ’í/Sibling Rivalryt[BRO] ÔC        		JP	20	26
https://www.hareruyamtg.com/ja/products/detail/122199?lang=JP	yJPzyFoilzshR‚·‚éŒZ’í/Sibling Rivalryt[BRO] ÔC        	Foil	JP	20	77
https://www.hareruyamtg.com/ja/products/detail/121610?lang=EN	yENzshR‚·‚éŒZ’í/Sibling Rivalryt[BRO] ÔC        		EN	20	29
https://www.hareruyamtg.com/ja/products/detail/122199?lang=EN	yENzyFoilzshR‚·‚éŒZ’í/Sibling Rivalryt[BRO] ÔC        	Foil	EN	20	19
https://www.hareruyamtg.com/ja/products/detail/121591?lang=JP	yJPzsƒNƒ‹[ƒO‚ÌŠ×—/The Fall of Kroogt[BRO] ÔU        		JP	30	30
https://www.hareruyamtg.com/ja/products/detail/122180?lang=JP	yJPzyFoilzsƒNƒ‹[ƒO‚ÌŠ×—/The Fall of Kroogt[BRO] ÔU        	Foil	JP	30	44
https://www.hareruyamtg.com/ja/products/detail/121591?lang=EN	yENzsƒNƒ‹[ƒO‚ÌŠ×—/The Fall of Kroogt[BRO] ÔU        		EN	30	29
https://www.hareruyamtg.com/ja/products/detail/122180?lang=EN	yENzyFoilzsƒNƒ‹[ƒO‚ÌŠ×—/The Fall of Kroogt[BRO] ÔU        	Foil	EN	30	17
https://www.hareruyamtg.com/ja/products/detail/121611?lang=JP	yJPzsƒgƒ}ƒNƒ‹‚Ì‹û“S’b–è/Tomakul Scrapsmitht[BRO] ÔC        		JP	20	29
https://www.hareruyamtg.com/ja/products/detail/122200?lang=JP	yJPzyFoilzsƒgƒ}ƒNƒ‹‚Ì‹û“S’b–è/Tomakul Scrapsmitht[BRO] ÔC        	Foil	JP	20	66
https://www.hareruyamtg.com/ja/products/detail/121611?lang=EN	yENzsƒgƒ}ƒNƒ‹‚Ì‹û“S’b–è/Tomakul Scrapsmitht[BRO] ÔC        		EN	20	30
https://www.hareruyamtg.com/ja/products/detail/122200?lang=EN	yENzyFoilzsƒgƒ}ƒNƒ‹‚Ì‹û“S’b–è/Tomakul Scrapsmitht[BRO] ÔC        	Foil	EN	20	22
https://www.hareruyamtg.com/ja/products/detail/121612?lang=JP	yJPzsƒJ[“»‚Ì–\ŒN/Tyrant of Kher Ridgest[BRO] ÔR        		JP	50	40
https://www.hareruyamtg.com/ja/products/detail/122201?lang=JP	yJPzyFoilzsƒJ[“»‚Ì–\ŒN/Tyrant of Kher Ridgest[BRO] ÔR        	Foil	JP	50	35
