https://www.hareruyamtg.com/ja/products/detail/120957?lang=JP	yJPz¡‹Œ˜g¡s‡‰‚·‚é©“®‹@ŠB/Adaptive Automatont[BRO-Retro] ’ƒR        		JP	50	12
https://www.hareruyamtg.com/ja/products/detail/121020?lang=JP	yJPz¡İŒv}¡s‡‰‚·‚é©“®‹@ŠB/Adaptive Automatont[BRO-Retro] ’ƒR        		JP	50	31
https://www.hareruyamtg.com/ja/products/detail/121112?lang=JP	yJPzyFoilz¡‹Œ˜g¡s‡‰‚·‚é©“®‹@ŠB/Adaptive Automatont[BRO-Retro] ’ƒR        	Foil	JP	100	5
https://www.hareruyamtg.com/ja/products/detail/121175?lang=JP	yJPzyFoilz¡İŒv}¡s‡‰‚·‚é©“®‹@ŠB/Adaptive Automatont[BRO-Retro] ’ƒR        	Foil	JP	200	32
https://www.hareruyamtg.com/ja/products/detail/120957?lang=EN	yENz¡‹Œ˜g¡s‡‰‚·‚é©“®‹@ŠB/Adaptive Automatont[BRO-Retro] ’ƒR        		EN	50	46
https://www.hareruyamtg.com/ja/products/detail/121112?lang=EN	yENzyFoilz¡‹Œ˜g¡s‡‰‚·‚é©“®‹@ŠB/Adaptive Automatont[BRO-Retro] ’ƒR        	Foil	EN	100	2
https://www.hareruyamtg.com/ja/products/detail/121175?lang=EN	yENzyFoilz¡İŒv}¡s‡‰‚·‚é©“®‹@ŠB/Adaptive Automatont[BRO-Retro] ’ƒR        	Foil	EN	1,000	5
https://www.hareruyamtg.com/ja/products/detail/121267?lang=EN&amp;class=805664	yENzyƒ_ƒuƒ‹ƒŒƒCƒ“ƒ{ƒEEFoilz¡İŒv}¡s‡‰‚·‚é©“®‹@ŠB/Adaptive Automatont[BRO-Retro] ’ƒR#429        	Foil	EN	35,000	1
https://www.hareruyamtg.com/ja/products/detail/121267?lang=EN&amp;class=818940	yENzyƒ_ƒuƒ‹ƒŒƒCƒ“ƒ{ƒEEFoilz¡İŒv}¡s‡‰‚·‚é©“®‹@ŠB/Adaptive Automatont[BRO-Retro] ’ƒR#009        	Foil	EN	50,000	1
https://www.hareruyamtg.com/ja/products/detail/121267?lang=EN&amp;class=830709	yENzyƒ_ƒuƒ‹ƒŒƒCƒ“ƒ{ƒEEFoilz¡İŒv}¡s‡‰‚·‚é©“®‹@ŠB/Adaptive Automatont[BRO-Retro] ’ƒR#370        	Foil	EN	33,250	1
https://www.hareruyamtg.com/ja/products/detail/120958?lang=JP	yJPz¡‹Œ˜g¡s—ì‹C’™‘ Ší/Aetherflux Reservoirt[BRO-Retro] ’ƒR        		JP	180	19
https://www.hareruyamtg.com/ja/products/detail/121113?lang=JP	yJPzyFoilz¡‹Œ˜g¡s—ì‹C’™‘ Ší/Aetherflux Reservoirt[BRO-Retro] ’ƒR        	Foil	JP	800	13
https://www.hareruyamtg.com/ja/products/detail/121176?lang=JP	yJPzyFoilz¡İŒv}¡s—ì‹C’™‘ Ší/Aetherflux Reservoirt[BRO-Retro] ’ƒR        	Foil	JP	800	16
https://www.hareruyamtg.com/ja/products/detail/121021?lang=EN	yENz¡İŒv}¡s—ì‹C’™‘ Ší/Aetherflux Reservoirt[BRO-Retro] ’ƒR        		EN	1,200	3
https://www.hareruyamtg.com/ja/products/detail/121113?lang=EN	yENzyFoilz¡‹Œ˜g¡s—ì‹C’™‘ Ší/Aetherflux Reservoirt[BRO-Retro] ’ƒR        	Foil	EN	2,000	2
https://www.hareruyamtg.com/ja/products/detail/121176?lang=EN	yENzyFoilz¡İŒv}¡s—ì‹C’™‘ Ší/Aetherflux Reservoirt[BRO-Retro] ’ƒR        	Foil	EN	4,500	4
https://www.hareruyamtg.com/ja/products/detail/120959?lang=JP	yJPz¡‹Œ˜g¡s‹¶‹C‚ÌÕ’d/Altar of Dementiat[BRO-Retro] ’ƒR        		JP	150	54
https://www.hareruyamtg.com/ja/products/detail/121022?lang=JP	yJPz¡İŒv}¡s‹¶‹C‚ÌÕ’d/Altar of Dementiat[BRO-Retro] ’ƒR        		JP	250	17
https://www.hareruyamtg.com/ja/products/detail/121114?lang=JP	yJPzyFoilz¡‹Œ˜g¡s‹¶‹C‚ÌÕ’d/Altar of Dementiat[BRO-Retro] ’ƒR        	Foil	JP	500	5
https://www.hareruyamtg.com/ja/products/detail/121177?lang=JP	yJPzyFoilz¡İŒv}¡s‹¶‹C‚ÌÕ’d/Altar of Dementiat[BRO-Retro] ’ƒR        	Foil	JP	1,000	8
https://www.hareruyamtg.com/ja/products/detail/121022?lang=EN	yENz¡İŒv}¡s‹¶‹C‚ÌÕ’d/Altar of Dementiat[BRO-Retro] ’ƒR        		EN	800	11
https://www.hareruyamtg.com/ja/products/detail/121177?lang=EN	yENzyFoilz¡İŒv}¡s‹¶‹C‚ÌÕ’d/Altar of Dementiat[BRO-Retro] ’ƒR        	Foil	EN	2,500	3
https://www.hareruyamtg.com/ja/products/detail/120960?lang=JP	yJPz¡‹Œ˜g¡sƒAƒVƒ…ƒmƒbƒh‚Ì‹Ÿ‹]‘ä/Ashnod&#039;s Altart[BRO-Retro] ’ƒR        		JP	200	9
https://www.hareruyamtg.com/ja/products/detail/121115?lang=JP	yJPzyFoilz¡‹Œ˜g¡sƒAƒVƒ…ƒmƒbƒh‚Ì‹Ÿ‹]‘ä/Ashnod&#039;s Altart[BRO-Retro] ’ƒR        	Foil	JP	500	6
https://www.hareruyamtg.com/ja/products/detail/121178?lang=JP	yJPzyFoilz¡İŒv}¡sƒAƒVƒ…ƒmƒbƒh‚Ì‹Ÿ‹]‘ä/Ashnod&#039;s Altart[BRO-Retro] ’ƒR        	Foil	JP	800	21
https://www.hareruyamtg.com/ja/products/detail/121115?lang=EN	yENzyFoilz¡‹Œ˜g¡sƒAƒVƒ…ƒmƒbƒh‚Ì‹Ÿ‹]‘ä/Ashnod&#039;s Altart[BRO-Retro] ’ƒR        	Foil	EN	1,200	9
https://www.hareruyamtg.com/ja/products/detail/121178?lang=EN	yENzyFoilz¡İŒv}¡sƒAƒVƒ…ƒmƒbƒh‚Ì‹Ÿ‹]‘ä/Ashnod&#039;s Altart[BRO-Retro] ’ƒR        	Foil	EN	2,000	4
https://www.hareruyamtg.com/ja/products/detail/120961?lang=JP	yJPz¡‹Œ˜g¡s—ì‘Ì‚Ìƒ„ƒMŠp/Astral Cornucopiat[BRO-Retro] ’ƒR        		JP	50	14
https://www.hareruyamtg.com/ja/products/detail/120961?lang=EN	yENz¡‹Œ˜g¡s—ì‘Ì‚Ìƒ„ƒMŠp/Astral Cornucopiat[BRO-Retro] ’ƒR        		EN	50	41
https://www.hareruyamtg.com/ja/products/detail/121179?lang=EN	yENzyFoilz¡İŒv}¡s—ì‘Ì‚Ìƒ„ƒMŠp/Astral Cornucopiat[BRO-Retro] ’ƒR        	Foil	EN	400	2
https://www.hareruyamtg.com/ja/products/detail/121271?lang=EN&amp;class=818878	yENzyƒ_ƒuƒ‹ƒŒƒCƒ“ƒ{ƒEEFoilz¡İŒv}¡s—ì‘Ì‚Ìƒ„ƒMŠp/Astral Cornucopiat[BRO-Retro] ’ƒR#002        	Foil	EN	70,000	1
https://www.hareruyamtg.com/ja/products/detail/121271?lang=EN&amp;class=818941	yENzyƒ_ƒuƒ‹ƒŒƒCƒ“ƒ{ƒEEFoilz¡İŒv}¡s—ì‘Ì‚Ìƒ„ƒMŠp/Astral Cornucopiat[BRO-Retro] ’ƒR#343        	Foil	EN	33,000	1
https://www.hareruyamtg.com/ja/products/detail/120962?lang=JP	yJPz¡‹Œ˜g¡sÄ’b‚Ì•‚«Œ•/Blackblade Reforgedt[BRO-Retro] ’ƒR        		JP	50	32
https://www.hareruyamtg.com/ja/products/detail/121025?lang=JP	yJPz¡İŒv}¡sÄ’b‚Ì•‚«Œ•/Blackblade Reforgedt[BRO-Retro] ’ƒR        		JP	50	24
https://www.hareruyamtg.com/ja/products/detail/121180?lang=JP	yJPzyFoilz¡İŒv}¡sÄ’b‚Ì•‚«Œ•/Blackblade Reforgedt[BRO-Retro] ’ƒR        	Foil	JP	200	16
https://www.hareruyamtg.com/ja/products/detail/120962?lang=EN	yENz¡‹Œ˜g¡sÄ’b‚Ì•‚«Œ•/Blackblade Reforgedt[BRO-Retro] ’ƒR        		EN	50	19
https://www.hareruyamtg.com/ja/products/detail/121117?lang=EN	yENzyFoilz¡‹Œ˜g¡sÄ’b‚Ì•‚«Œ•/Blackblade Reforgedt[BRO-Retro] ’ƒR        	Foil	EN	200	2
https://www.hareruyamtg.com/ja/products/detail/121180?lang=EN	yENzyFoilz¡İŒv}¡sÄ’b‚Ì•‚«Œ•/Blackblade Reforgedt[BRO-Retro] ’ƒR        	Foil	EN	500	2
https://www.hareruyamtg.com/ja/products/detail/120963?lang=JP	yJPz¡‹Œ˜g¡sœ‚Ì‹˜/Bone Sawt[BRO-Retro] ’ƒU        		JP	30	60
https://www.hareruyamtg.com/ja/products/detail/121026?lang=JP	yJPz¡İŒv}¡sœ‚Ì‹˜/Bone Sawt[BRO-Retro] ’ƒU        		JP	30	27
https://www.hareruyamtg.com/ja/products/detail/121118?lang=JP	yJPzyFoilz¡‹Œ˜g¡sœ‚Ì‹˜/Bone Sawt[BRO-Retro] ’ƒU        	Foil	JP	30	15
https://www.hareruyamtg.com/ja/products/detail/121181?lang=JP	yJPzyFoilz¡İŒv}¡sœ‚Ì‹˜/Bone Sawt[BRO-Retro] ’ƒU        	Foil	JP	50	19
https://www.hareruyamtg.com/ja/products/detail/120963?lang=EN	yENz¡‹Œ˜g¡sœ‚Ì‹˜/Bone Sawt[BRO-Retro] ’ƒU        		EN	30	30
https://www.hareruyamtg.com/ja/products/detail/121026?lang=EN	yENz¡İŒv}¡sœ‚Ì‹˜/Bone Sawt[BRO-Retro] ’ƒU        		EN	30	49
https://www.hareruyamtg.com/ja/products/detail/121118?lang=EN	yENzyFoilz¡‹Œ˜g¡sœ‚Ì‹˜/Bone Sawt[BRO-Retro] ’ƒU        	Foil	EN	30	3
https://www.hareruyamtg.com/ja/products/detail/121181?lang=EN	yENzyFoilz¡İŒv}¡sœ‚Ì‹˜/Bone Sawt[BRO-Retro] ’ƒU        	Foil	EN	50	2
https://www.hareruyamtg.com/ja/products/detail/121273?lang=EN&amp;class=830668	yENzyƒ_ƒuƒ‹ƒŒƒCƒ“ƒ{ƒEEFoilz¡İŒv}¡sœ‚Ì‹˜/Bone Sawt[BRO-Retro] ’ƒU#257        	Foil	EN	25,000	1
https://www.hareruyamtg.com/ja/products/detail/121273?lang=EN&amp;class=830852	yENzyƒ_ƒuƒ‹ƒŒƒCƒ“ƒ{ƒEEFoilz¡İŒv}¡sœ‚Ì‹˜/Bone Sawt[BRO-Retro] ’ƒU#431        	Foil	EN	25,000	1
https://www.hareruyamtg.com/ja/products/detail/120964?lang=JP	yJPz¡‹Œ˜g¡s‚Â‚â‚â‚©‚È—Y­/Burnished Hartt[BRO-Retro] ’ƒU        		JP	30	45
https://www.hareruyamtg.com/ja/products/detail/121027?lang=JP	yJPz¡İŒv}¡s‚Â‚â‚â‚©‚È—Y­/Burnished Hartt[BRO-Retro] ’ƒU        		JP	30	28
https://www.hareruyamtg.com/ja/products/detail/121119?lang=JP	yJPzyFoilz¡‹Œ˜g¡s‚Â‚â‚â‚©‚È—Y­/Burnished Hartt[BRO-Retro] ’ƒU        	Foil	JP	50	24
https://www.hareruyamtg.com/ja/products/detail/121182?lang=JP	yJPzyFoilz¡İŒv}¡s‚Â‚â‚â‚©‚È—Y­/Burnished Hartt[BRO-Retro] ’ƒU        	Foil	JP	50	36
https://www.hareruyamtg.com/ja/products/detail/120964?lang=EN	yENz¡‹Œ˜g¡s‚Â‚â‚â‚©‚È—Y­/Burnished Hartt[BRO-Retro] ’ƒU        		EN	30	25
https://www.hareruyamtg.com/ja/products/detail/121027?lang=EN	yENz¡İŒv}¡s‚Â‚â‚â‚©‚È—Y­/Burnished Hartt[BRO-Retro] ’ƒU        		EN	30	29
https://www.hareruyamtg.com/ja/products/detail/121119?lang=EN	yENzyFoilz¡‹Œ˜g¡s‚Â‚â‚â‚©‚È—Y­/Burnished Hartt[BRO-Retro] ’ƒU        	Foil	EN	50	2
https://www.hareruyamtg.com/ja/products/detail/121274?lang=EN&amp;class=804691	yENzyƒ_ƒuƒ‹ƒŒƒCƒ“ƒ{ƒEEFoilz¡İŒv}¡s‚Â‚â‚â‚©‚È—Y­/Burnished Hartt[BRO-Retro] ’ƒU#124        	Foil	EN	33,000	1
https://www.hareruyamtg.com/ja/products/detail/121274?lang=EN&amp;class=830230	yENzyƒ_ƒuƒ‹ƒŒƒCƒ“ƒ{ƒEEFoilz¡İŒv}¡s‚Â‚â‚â‚©‚È—Y­/Burnished Hartt[BRO-Retro] ’ƒU#450        	Foil	EN	35,000	1
https://www.hareruyamtg.com/ja/products/detail/121274?lang=EN&amp;class=830669	yENzyƒ_ƒuƒ‹ƒŒƒCƒ“ƒ{ƒEEFoilz¡İŒv}¡s‚Â‚â‚â‚©‚È—Y­/Burnished Hartt[BRO-Retro] ’ƒU#090        	Foil	EN	35,000	1
https://www.hareruyamtg.com/ja/products/detail/121120?lang=JP	yJPzyFoilz¡‹Œ˜g¡s‚©‚²‚Ì’†‚Ì‘¾—z/Caged Sunt[BRO-Retro] ’ƒR        	Foil	JP	300	31
https://www.hareruyamtg.com/ja/products/detail/121183?lang=JP	yJPzyFoilz¡İŒv}¡s‚©‚²‚Ì’†‚Ì‘¾—z/Caged Sunt[BRO-Retro] ’ƒR        	Foil	JP	900	13
