https://www.hareruyamtg.com/ja/products/detail/126242?lang=EN	yENzyFoilzsŠâÎ÷‚Ì”­“®Ò/Stonewood Invokert[DMR] —ÎC        	Foil	EN	20	29
https://www.hareruyamtg.com/ja/products/detail/125786?lang=JP	yJPzsX‚Ì’mŒb/Sylvan Libraryt[DMR] —ÎR        		JP	2,500	1
https://www.hareruyamtg.com/ja/products/detail/126243?lang=JP	yJPzyFoilzsX‚Ì’mŒb/Sylvan Libraryt[DMR] —ÎR        	Foil	JP	2,500	8
https://www.hareruyamtg.com/ja/products/detail/125787?lang=JP	yJPzs‹¤¶‚·‚éb/Symbiotic Beastt[DMR] —ÎC        		JP	30	40
https://www.hareruyamtg.com/ja/products/detail/126244?lang=JP	yJPzyFoilzs‹¤¶‚·‚éb/Symbiotic Beastt[DMR] —ÎC        	Foil	JP	30	20
https://www.hareruyamtg.com/ja/products/detail/125787?lang=EN	yENzs‹¤¶‚·‚éb/Symbiotic Beastt[DMR] —ÎC        		EN	30	30
https://www.hareruyamtg.com/ja/products/detail/126244?lang=EN	yENzyFoilzs‹¤¶‚·‚éb/Symbiotic Beastt[DMR] —ÎC        	Foil	EN	30	26
https://www.hareruyamtg.com/ja/products/detail/125788?lang=JP	yJPzs“y‚ğH‚¤‚à‚Ì/Terravoret[DMR] —ÎU        		JP	30	5
https://www.hareruyamtg.com/ja/products/detail/126245?lang=JP	yJPzyFoilzs“y‚ğH‚¤‚à‚Ì/Terravoret[DMR] —ÎU        	Foil	JP	30	30
https://www.hareruyamtg.com/ja/products/detail/125788?lang=EN	yENzs“y‚ğH‚¤‚à‚Ì/Terravoret[DMR] —ÎU        		EN	30	22
https://www.hareruyamtg.com/ja/products/detail/126245?lang=EN	yENzyFoilzs“y‚ğH‚¤‚à‚Ì/Terravoret[DMR] —ÎU        	Foil	EN	30	2
https://www.hareruyamtg.com/ja/products/detail/125789?lang=JP	yJPzsŒFlŠÔ/Werebeart[DMR] —ÎC        		JP	30	44
https://www.hareruyamtg.com/ja/products/detail/126246?lang=JP	yJPzyFoilzsŒFlŠÔ/Werebeart[DMR] —ÎC        	Foil	JP	30	21
https://www.hareruyamtg.com/ja/products/detail/125789?lang=EN	yENzsŒFlŠÔ/Werebeart[DMR] —ÎC        		EN	20	31
https://www.hareruyamtg.com/ja/products/detail/126246?lang=EN	yENzyFoilzsŒFlŠÔ/Werebeart[DMR] —ÎC        	Foil	EN	20	21
https://www.hareruyamtg.com/ja/products/detail/125790?lang=JP	yJPzs–ì¶‚ÌŒ¢/Wild Dogst[DMR] —ÎC        		JP	30	40
https://www.hareruyamtg.com/ja/products/detail/126247?lang=JP	yJPzyFoilzs–ì¶‚ÌŒ¢/Wild Dogst[DMR] —ÎC        	Foil	JP	30	40
https://www.hareruyamtg.com/ja/products/detail/125790?lang=EN	yENzs–ì¶‚ÌŒ¢/Wild Dogst[DMR] —ÎC        		EN	30	26
https://www.hareruyamtg.com/ja/products/detail/126247?lang=EN	yENzyFoilzs–ì¶‚ÌŒ¢/Wild Dogst[DMR] —ÎC        	Foil	EN	30	25
https://www.hareruyamtg.com/ja/products/detail/125791?lang=JP	yJPzs”É–Î/Wild Growtht[DMR] —ÎC        		JP	80	18
https://www.hareruyamtg.com/ja/products/detail/126248?lang=JP	yJPzyFoilzs”É–Î/Wild Growtht[DMR] —ÎC        	Foil	JP	80	34
https://www.hareruyamtg.com/ja/products/detail/125791?lang=EN	yENzs”É–Î/Wild Growtht[DMR] —ÎC        		EN	80	23
https://www.hareruyamtg.com/ja/products/detail/126249?lang=JP	yJPzyFoilzs‘­¢‚Ì‹³¦Ò/Worldly Tutort[DMR] —ÎR        	Foil	JP	1,000	58
https://www.hareruyamtg.com/ja/products/detail/125792?lang=EN	yENzs‘­¢‚Ì‹³¦Ò/Worldly Tutort[DMR] —ÎR        		EN	1,200	1
https://www.hareruyamtg.com/ja/products/detail/126249?lang=EN	yENzyFoilzs‘­¢‚Ì‹³¦Ò/Worldly Tutort[DMR] —ÎR        	Foil	EN	1,500	3
https://www.hareruyamtg.com/ja/products/detail/125793?lang=JP	yJPzs‹zû/Absorbt[DMR] ‹àR        		JP	200	26
https://www.hareruyamtg.com/ja/products/detail/126250?lang=JP	yJPzyFoilzs‹zû/Absorbt[DMR] ‹àR        	Foil	JP	250	5
https://www.hareruyamtg.com/ja/products/detail/125793?lang=EN	yENzs‹zû/Absorbt[DMR] ‹àR        		EN	200	3
https://www.hareruyamtg.com/ja/products/detail/126250?lang=EN	yENzyFoilzs‹zû/Absorbt[DMR] ‹àR        	Foil	EN	250	3
https://www.hareruyamtg.com/ja/products/detail/125806?lang=JP	yJPzs‹˜•‚ÌƒAƒr/Sawtooth Loont[DMR] ‹àU        		JP	30	34
https://www.hareruyamtg.com/ja/products/detail/126263?lang=JP	yJPzyFoilzs‹˜•‚ÌƒAƒr/Sawtooth Loont[DMR] ‹àU        	Foil	JP	30	40
https://www.hareruyamtg.com/ja/products/detail/125806?lang=EN	yENzs‹˜•‚ÌƒAƒr/Sawtooth Loont[DMR] ‹àU        		EN	30	30
https://www.hareruyamtg.com/ja/products/detail/126263?lang=EN	yENzyFoilzs‹˜•‚ÌƒAƒr/Sawtooth Loont[DMR] ‹àU        	Foil	EN	30	6
https://www.hareruyamtg.com/ja/products/detail/125804?lang=JP	yJPzs‚Í‚Ë•Ô‚è/Recoilt[DMR] ‹àU        		JP	30	36
https://www.hareruyamtg.com/ja/products/detail/126261?lang=JP	yJPzyFoilzs‚Í‚Ë•Ô‚è/Recoilt[DMR] ‹àU        	Foil	JP	30	40
https://www.hareruyamtg.com/ja/products/detail/125804?lang=EN	yENzs‚Í‚Ë•Ô‚è/Recoilt[DMR] ‹àU        		EN	30	26
https://www.hareruyamtg.com/ja/products/detail/126261?lang=EN	yENzyFoilzs‚Í‚Ë•Ô‚è/Recoilt[DMR] ‹àU        	Foil	EN	30	13
https://www.hareruyamtg.com/ja/products/detail/125808?lang=JP	yJPzsÒ‘x”z/Spinal Embracet[DMR] ‹àR        		JP	50	13
https://www.hareruyamtg.com/ja/products/detail/126265?lang=JP	yJPzyFoilzsÒ‘x”z/Spinal Embracet[DMR] ‹àR        	Foil	JP	50	29
https://www.hareruyamtg.com/ja/products/detail/125808?lang=EN	yENzsÒ‘x”z/Spinal Embracet[DMR] ‹àR        		EN	50	21
https://www.hareruyamtg.com/ja/products/detail/126265?lang=EN	yENzyFoilzsÒ‘x”z/Spinal Embracet[DMR] ‹àR        	Foil	EN	50	5
https://www.hareruyamtg.com/ja/products/detail/125796?lang=JP	yJPzsƒhƒ‰ƒ‹ƒk‚Ì\šŒR/Dralnu&#039;s Crusadet[DMR] ‹àU        		JP	50	30
https://www.hareruyamtg.com/ja/products/detail/126253?lang=JP	yJPzyFoilzsƒhƒ‰ƒ‹ƒk‚Ì\šŒR/Dralnu&#039;s Crusadet[DMR] ‹àU        	Foil	JP	50	34
https://www.hareruyamtg.com/ja/products/detail/125796?lang=EN	yENzsƒhƒ‰ƒ‹ƒk‚Ì\šŒR/Dralnu&#039;s Crusadet[DMR] ‹àU        		EN	50	22
https://www.hareruyamtg.com/ja/products/detail/126253?lang=EN	yENzyFoilzsƒhƒ‰ƒ‹ƒk‚Ì\šŒR/Dralnu&#039;s Crusadet[DMR] ‹àU        	Foil	EN	50	9
https://www.hareruyamtg.com/ja/products/detail/125801?lang=JP	yJPzs‰Î‘’‚Ìƒ]ƒ“ƒr/Pyre Zombiet[DMR] ‹àR        		JP	50	45
https://www.hareruyamtg.com/ja/products/detail/126258?lang=JP	yJPzyFoilzs‰Î‘’‚Ìƒ]ƒ“ƒr/Pyre Zombiet[DMR] ‹àR        	Foil	JP	50	28
https://www.hareruyamtg.com/ja/products/detail/125801?lang=EN	yENzs‰Î‘’‚Ìƒ]ƒ“ƒr/Pyre Zombiet[DMR] ‹àR        		EN	50	22
https://www.hareruyamtg.com/ja/products/detail/126258?lang=EN	yENzyFoilzs‰Î‘’‚Ìƒ]ƒ“ƒr/Pyre Zombiet[DMR] ‹àR        	Foil	EN	50	3
https://www.hareruyamtg.com/ja/products/detail/125795?lang=JP	yJPzs‘å—Ê”j‰ó/Decimatet[DMR] ‹àR        		JP	50	34
https://www.hareruyamtg.com/ja/products/detail/126252?lang=JP	yJPzyFoilzs‘å—Ê”j‰ó/Decimatet[DMR] ‹àR        	Foil	JP	100	27
https://www.hareruyamtg.com/ja/products/detail/125795?lang=EN	yENzs‘å—Ê”j‰ó/Decimatet[DMR] ‹àR        		EN	100	24
https://www.hareruyamtg.com/ja/products/detail/126252?lang=EN	yENzyFoilzs‘å—Ê”j‰ó/Decimatet[DMR] ‹àR        	Foil	EN	100	5
https://www.hareruyamtg.com/ja/products/detail/125803?lang=JP	yJPzsƒPƒ‹ƒh‚ÌŒãŒpÒAƒ‰[ƒ_/Radha, Heir to Keldt[DMR] ‹àU        		JP	50	26
https://www.hareruyamtg.com/ja/products/detail/126260?lang=JP	yJPzyFoilzsƒPƒ‹ƒh‚ÌŒãŒpÒAƒ‰[ƒ_/Radha, Heir to Keldt[DMR] ‹àU        	Foil	JP	50	38
https://www.hareruyamtg.com/ja/products/detail/125803?lang=EN	yENzsƒPƒ‹ƒh‚ÌŒãŒpÒAƒ‰[ƒ_/Radha, Heir to Keldt[DMR] ‹àU        		EN	50	28
https://www.hareruyamtg.com/ja/products/detail/126260?lang=EN	yENzyFoilzsƒPƒ‹ƒh‚ÌŒãŒpÒAƒ‰[ƒ_/Radha, Heir to Keldt[DMR] ‹àU        	Foil	EN	50	14
https://www.hareruyamtg.com/ja/products/detail/126255?lang=EN	yENzyFoilzsë—Âê/Hunting Groundst[DMR] ‹àR        	Foil	EN	400	5
https://www.hareruyamtg.com/ja/products/detail/125799?lang=JP	yJPzs”é‹³‚Ìˆ”±Ò/Mystic Enforcert[DMR] ‹àU        		JP	30	32
https://www.hareruyamtg.com/ja/products/detail/126256?lang=JP	yJPzyFoilzs”é‹³‚Ìˆ”±Ò/Mystic Enforcert[DMR] ‹àU        	Foil	JP	30	39
