https://www.hareruyamtg.com/ja/products/detail/116827?lang=JP	yJPzs¶‚¯‚éƒŒƒKƒV[AƒJ[ƒ“/Karn, Living Legacyt[DMU] –³R        		JP	300	56
https://www.hareruyamtg.com/ja/products/detail/117435?lang=JP	yJPzyFoilzs¶‚¯‚éƒŒƒKƒV[AƒJ[ƒ“/Karn, Living Legacyt[DMU] –³R        	Foil	JP	300	12
https://www.hareruyamtg.com/ja/products/detail/116827?lang=EN	yENzs¶‚¯‚éƒŒƒKƒV[AƒJ[ƒ“/Karn, Living Legacyt[DMU] –³R        		EN	300	6
https://www.hareruyamtg.com/ja/products/detail/116828?lang=JP	yJPzs‘I’è‚³‚ê‚½•½˜a‚Ì”Ôl/Anointed Peacekeepert[DMU] ”’R        		JP	300	36
https://www.hareruyamtg.com/ja/products/detail/117436?lang=JP	yJPzyFoilzs‘I’è‚³‚ê‚½•½˜a‚Ì”Ôl/Anointed Peacekeepert[DMU] ”’R        	Foil	JP	300	9
https://www.hareruyamtg.com/ja/products/detail/117829?lang=JP	yJPzyFoilzŸƒvƒŒƒŠƒŠ[ƒXŸs‘I’è‚³‚ê‚½•½˜a‚Ì”Ôl/Anointed Peacekeepert[DMU] ”’R        	Foil	JP	300	1
https://www.hareruyamtg.com/ja/products/detail/117436?lang=EN	yENzyFoilzs‘I’è‚³‚ê‚½•½˜a‚Ì”Ôl/Anointed Peacekeepert[DMU] ”’R        	Foil	EN	300	7
https://www.hareruyamtg.com/ja/products/detail/116829?lang=JP	yJPzs“{‚è‚Ì‘å“Vg/Archangel of Wratht[DMU] ”’R        		JP	150	16
https://www.hareruyamtg.com/ja/products/detail/117437?lang=JP	yJPzyFoilzs“{‚è‚Ì‘å“Vg/Archangel of Wratht[DMU] ”’R        	Foil	JP	200	2
https://www.hareruyamtg.com/ja/products/detail/117830?lang=JP	yJPzyFoilzŸƒvƒŒƒŠƒŠ[ƒXŸs“{‚è‚Ì‘å“Vg/Archangel of Wratht[DMU] ”’R        	Foil	JP	200	1
https://www.hareruyamtg.com/ja/products/detail/116829?lang=EN	yENzs“{‚è‚Ì‘å“Vg/Archangel of Wratht[DMU] ”’R        		EN	150	24
https://www.hareruyamtg.com/ja/products/detail/116830?lang=JP	yJPzsƒAƒ‹ƒKƒCƒ”‚Ì‹R•º/Argivian Cavaliert[DMU] ”’C        		JP	20	21
https://www.hareruyamtg.com/ja/products/detail/117438?lang=JP	yJPzyFoilzsƒAƒ‹ƒKƒCƒ”‚Ì‹R•º/Argivian Cavaliert[DMU] ”’C        	Foil	JP	20	15
https://www.hareruyamtg.com/ja/products/detail/116830?lang=EN	yENzsƒAƒ‹ƒKƒCƒ”‚Ì‹R•º/Argivian Cavaliert[DMU] ”’C        		EN	20	28
https://www.hareruyamtg.com/ja/products/detail/117438?lang=EN	yENzyFoilzsƒAƒ‹ƒKƒCƒ”‚Ì‹R•º/Argivian Cavaliert[DMU] ”’C        	Foil	EN	20	5
https://www.hareruyamtg.com/ja/products/detail/116831?lang=JP	yJPzsƒAƒ‹ƒKƒCƒ”‚Ì–§WŒR/Argivian Phalanxt[DMU] ”’C        		JP	20	22
https://www.hareruyamtg.com/ja/products/detail/117439?lang=JP	yJPzyFoilzsƒAƒ‹ƒKƒCƒ”‚Ì–§WŒR/Argivian Phalanxt[DMU] ”’C        	Foil	JP	20	30
https://www.hareruyamtg.com/ja/products/detail/116831?lang=EN	yENzsƒAƒ‹ƒKƒCƒ”‚Ì–§WŒR/Argivian Phalanxt[DMU] ”’C        		EN	20	49
https://www.hareruyamtg.com/ja/products/detail/117439?lang=EN	yENzyFoilzsƒAƒ‹ƒKƒCƒ”‚Ì–§WŒR/Argivian Phalanxt[DMU] ”’C        	Foil	EN	20	7
https://www.hareruyamtg.com/ja/products/detail/116832?lang=JP	yJPzsœW‹|”j/Artillery Blastt[DMU] ”’C        		JP	20	21
https://www.hareruyamtg.com/ja/products/detail/117440?lang=JP	yJPzyFoilzsœW‹|”j/Artillery Blastt[DMU] ”’C        	Foil	JP	20	46
https://www.hareruyamtg.com/ja/products/detail/116832?lang=EN	yENzsœW‹|”j/Artillery Blastt[DMU] ”’C        		EN	20	29
https://www.hareruyamtg.com/ja/products/detail/117440?lang=EN	yENzyFoilzsœW‹|”j/Artillery Blastt[DMU] ”’C        	Foil	EN	20	12
https://www.hareruyamtg.com/ja/products/detail/116833?lang=JP	yJPzsƒxƒiƒŠƒA‚ÌM‹ÂŒq‚¬/Benalish Faithbondert[DMU] ”’C        		JP	20	23
https://www.hareruyamtg.com/ja/products/detail/117441?lang=JP	yJPzyFoilzsƒxƒiƒŠƒA‚ÌM‹ÂŒq‚¬/Benalish Faithbondert[DMU] ”’C        	Foil	JP	20	12
https://www.hareruyamtg.com/ja/products/detail/116833?lang=EN	yENzsƒxƒiƒŠƒA‚ÌM‹ÂŒq‚¬/Benalish Faithbondert[DMU] ”’C        		EN	20	26
https://www.hareruyamtg.com/ja/products/detail/117441?lang=EN	yENzyFoilzsƒxƒiƒŠƒA‚ÌM‹ÂŒq‚¬/Benalish Faithbondert[DMU] ”’C        	Foil	EN	20	7
https://www.hareruyamtg.com/ja/products/detail/116834?lang=JP	yJPzsƒxƒiƒŠƒA‚Ìö•šHìˆõ/Benalish Sleepert[DMU] ”’C        		JP	30	54
https://www.hareruyamtg.com/ja/products/detail/117442?lang=JP	yJPzyFoilzsƒxƒiƒŠƒA‚Ìö•šHìˆõ/Benalish Sleepert[DMU] ”’C        	Foil	JP	30	20
https://www.hareruyamtg.com/ja/products/detail/116834?lang=EN	yENzsƒxƒiƒŠƒA‚Ìö•šHìˆõ/Benalish Sleepert[DMU] ”’C        		EN	20	38
https://www.hareruyamtg.com/ja/products/detail/117442?lang=EN	yENzyFoilzsƒxƒiƒŠƒA‚Ìö•šHìˆõ/Benalish Sleepert[DMU] ”’C        	Foil	EN	30	19
https://www.hareruyamtg.com/ja/products/detail/116835?lang=JP	yJPzs‘à’·‚Ì†—ß/Captain&#039;s Callt[DMU] ”’C        		JP	20	22
https://www.hareruyamtg.com/ja/products/detail/117443?lang=JP	yJPzyFoilzs‘à’·‚Ì†—ß/Captain&#039;s Callt[DMU] ”’C        	Foil	JP	30	35
https://www.hareruyamtg.com/ja/products/detail/116835?lang=EN	yENzs‘à’·‚Ì†—ß/Captain&#039;s Callt[DMU] ”’C        		EN	20	27
https://www.hareruyamtg.com/ja/products/detail/117443?lang=EN	yENzyFoilzs‘à’·‚Ì†—ß/Captain&#039;s Callt[DMU] ”’C        	Foil	EN	30	6
https://www.hareruyamtg.com/ja/products/detail/116836?lang=JP	yJPzsƒJƒŠƒXƒ}ˆì‚ê‚éæ•º/Charismatic Vanguardt[DMU] ”’C        		JP	20	32
https://www.hareruyamtg.com/ja/products/detail/117444?lang=JP	yJPzyFoilzsƒJƒŠƒXƒ}ˆì‚ê‚éæ•º/Charismatic Vanguardt[DMU] ”’C        	Foil	JP	20	9
https://www.hareruyamtg.com/ja/products/detail/116836?lang=EN	yENzsƒJƒŠƒXƒ}ˆì‚ê‚éæ•º/Charismatic Vanguardt[DMU] ”’C        		EN	20	29
https://www.hareruyamtg.com/ja/products/detail/117444?lang=EN	yENzyFoilzsƒJƒŠƒXƒ}ˆì‚ê‚éæ•º/Charismatic Vanguardt[DMU] ”’C        	Foil	EN	20	8
https://www.hareruyamtg.com/ja/products/detail/116837?lang=JP	yJPzss–¯‚ÌS‘©/Citizen&#039;s Arrestt[DMU] ”’C        		JP	20	13
https://www.hareruyamtg.com/ja/products/detail/117445?lang=JP	yJPzyFoilzss–¯‚ÌS‘©/Citizen&#039;s Arrestt[DMU] ”’C        	Foil	JP	20	22
https://www.hareruyamtg.com/ja/products/detail/116837?lang=EN	yENzss–¯‚ÌS‘©/Citizen&#039;s Arrestt[DMU] ”’C        		EN	20	38
https://www.hareruyamtg.com/ja/products/detail/117445?lang=EN	yENzyFoilzss–¯‚ÌS‘©/Citizen&#039;s Arrestt[DMU] ”’C        	Foil	EN	20	7
https://www.hareruyamtg.com/ja/products/detail/116838?lang=JP	yJPzs“÷—ô‚«‚Ì‹óæ‚è/Cleaving Skyridert[DMU] ”’U        		JP	30	20
https://www.hareruyamtg.com/ja/products/detail/117446?lang=JP	yJPzyFoilzs“÷—ô‚«‚Ì‹óæ‚è/Cleaving Skyridert[DMU] ”’U        	Foil	JP	30	16
https://www.hareruyamtg.com/ja/products/detail/116838?lang=EN	yENzs“÷—ô‚«‚Ì‹óæ‚è/Cleaving Skyridert[DMU] ”’U        		EN	30	29
https://www.hareruyamtg.com/ja/products/detail/117446?lang=EN	yENzyFoilzs“÷—ô‚«‚Ì‹óæ‚è/Cleaving Skyridert[DMU] ”’U        	Foil	EN	30	6
https://www.hareruyamtg.com/ja/products/detail/116839?lang=JP	yJPzs‹@ŠBdŠ|‚¯‚Ì’µ‚Ë‹´/Clockwork Drawbridget[DMU] ”’C        		JP	20	11
https://www.hareruyamtg.com/ja/products/detail/117447?lang=JP	yJPzyFoilzs‹@ŠBdŠ|‚¯‚Ì’µ‚Ë‹´/Clockwork Drawbridget[DMU] ”’C        	Foil	JP	20	10
https://www.hareruyamtg.com/ja/products/detail/116839?lang=EN	yENzs‹@ŠBdŠ|‚¯‚Ì’µ‚Ë‹´/Clockwork Drawbridget[DMU] ”’C        		EN	20	31
https://www.hareruyamtg.com/ja/products/detail/117447?lang=EN	yENzyFoilzs‹@ŠBdŠ|‚¯‚Ì’µ‚Ë‹´/Clockwork Drawbridget[DMU] ”’C        	Foil	EN	20	10
https://www.hareruyamtg.com/ja/products/detail/116840?lang=JP	yJPzs˜A‡‚Ì‹ó‹Rm/Coalition Skyknightt[DMU] ”’U        		JP	30	24
https://www.hareruyamtg.com/ja/products/detail/117448?lang=JP	yJPzyFoilzs˜A‡‚Ì‹ó‹Rm/Coalition Skyknightt[DMU] ”’U        	Foil	JP	30	11
https://www.hareruyamtg.com/ja/products/detail/116840?lang=EN	yENzs˜A‡‚Ì‹ó‹Rm/Coalition Skyknightt[DMU] ”’U        		EN	30	29
https://www.hareruyamtg.com/ja/products/detail/117448?lang=EN	yENzyFoilzs˜A‡‚Ì‹ó‹Rm/Coalition Skyknightt[DMU] ”’U        	Foil	EN	30	6
https://www.hareruyamtg.com/ja/products/detail/116841?lang=JP	yJPzsƒxƒiƒŠƒA‚ÌŠó–]Aƒ_ƒjƒT/Danitha, Benalia&#039;s Hopet[DMU] ”’R        		JP	100	47
https://www.hareruyamtg.com/ja/products/detail/117449?lang=JP	yJPzyFoilzsƒxƒiƒŠƒA‚ÌŠó–]Aƒ_ƒjƒT/Danitha, Benalia&#039;s Hopet[DMU] ”’R        	Foil	JP	100	11
https://www.hareruyamtg.com/ja/products/detail/117831?lang=JP	yJPzyFoilzŸƒvƒŒƒŠƒŠ[ƒXŸsƒxƒiƒŠƒA‚ÌŠó–]Aƒ_ƒjƒT/Danitha, Benalia&#039;s Hopet[DMU] ”’R        	Foil	JP	100	2
https://www.hareruyamtg.com/ja/products/detail/116841?lang=EN	yENzsƒxƒiƒŠƒA‚ÌŠó–]Aƒ_ƒjƒT/Danitha, Benalia&#039;s Hopet[DMU] ”’R        		EN	50	19
https://www.hareruyamtg.com/ja/products/detail/117832?lang=JP	yJPzyFoilzŸƒvƒŒƒŠƒŠ[ƒXŸsM‹Â‚ğâq‚·‚à‚Ì/Defiler of Faitht[DMU] ”’R        	Foil	JP	100	3
