https://www.hareruyamtg.com/ja/products/detail/128665?lang=JP	【JP】■拡張アート■《浸食するマイコシンス/Encroaching Mycosynth》(380)[ONE-BF]青R        		JP	50	38
https://www.hareruyamtg.com/ja/products/detail/128771?lang=JP	【JP】【Foil】《実験的占い/Experimental Augury》(278)[PRM]青        	Foil	JP	200	1
https://www.hareruyamtg.com/ja/products/detail/128633?lang=EN	【EN】【オイルスリック・Foil】《胆液月の篭手/Ichormoon Gauntlet》(348)[ONE-BF]青R        	Foil	EN	2,500	4
https://www.hareruyamtg.com/ja/products/detail/128621?lang=JP	【JP】■ボーダーレス■《完成化した精神、ジェイス/Jace, the Perfected Mind》(336)[ONE-BF]青R        		JP	1,580	18
https://www.hareruyamtg.com/ja/products/detail/128713?lang=JP	【JP】【S&amp;C・F】《完成化した精神、ジェイス/Jace, the Perfected Mind》(428)[ONE-BF]青R        	Foil	JP	3,500	3
https://www.hareruyamtg.com/ja/products/detail/128826?lang=JP	【JP】【Foil】■ボーダーレス■《完成化した精神、ジェイス/Jace, the Perfected Mind》(336)[ONE-BF]青R        	Foil	JP	2,200	16
https://www.hareruyamtg.com/ja/products/detail/128610?lang=EN	【EN】【ファイレクシア語】《完成化した精神、ジェイス/Jace, the Perfected Mind》(325)[ONE-BF]青R        		EN	1,200	36
https://www.hareruyamtg.com/ja/products/detail/128621?lang=EN	【EN】■ボーダーレス■《完成化した精神、ジェイス/Jace, the Perfected Mind》(336)[ONE-BF]青R        		EN	1,400	13
https://www.hareruyamtg.com/ja/products/detail/128714?lang=EN	【EN】【S&amp;C・F】【ファイレクシア語】《完成化した精神、ジェイス/Jace, the Perfected Mind》(429)[ONE-BF]青R        	Foil	EN	4,200	13
https://www.hareruyamtg.com/ja/products/detail/128815?lang=EN	【EN】【Foil】【ファイレクシア語】《完成化した精神、ジェイス/Jace, the Perfected Mind》(325)[ONE-BF]青R        	Foil	EN	2,080	11
https://www.hareruyamtg.com/ja/products/detail/128826?lang=EN	【EN】【Foil】■ボーダーレス■《完成化した精神、ジェイス/Jace, the Perfected Mind》(336)[ONE-BF]青R        	Foil	EN	2,200	6
https://www.hareruyamtg.com/ja/products/detail/128877?lang=JP	【JP】《発展の暴君、ジン＝ギタクシアス/Jin-Gitaxias, Progress Tyrant》(NEO:513)[Concept Praetor]青R        		JP	1,180	8
https://www.hareruyamtg.com/ja/products/detail/128878?lang=JP	【JP】【S&amp;C・F】《発展の暴君、ジン＝ギタクシアス/Jin-Gitaxias, Progress Tyrant》(NEO:514)[Concept Praetor]青R        	Foil	JP	3,500	2
https://www.hareruyamtg.com/ja/products/detail/128885?lang=JP	【JP】【Foil】《発展の暴君、ジン＝ギタクシアス/Jin-Gitaxias, Progress Tyrant》(NEO:513)[Concept Praetor]青R        	Foil	JP	3,500	12
https://www.hareruyamtg.com/ja/products/detail/128877?lang=EN	【EN】《発展の暴君、ジン＝ギタクシアス/Jin-Gitaxias, Progress Tyrant》(NEO:513)[Concept Praetor]青R        		EN	1,600	6
https://www.hareruyamtg.com/ja/products/detail/128885?lang=EN	【EN】【Foil】《発展の暴君、ジン＝ギタクシアス/Jin-Gitaxias, Progress Tyrant》(NEO:513)[Concept Praetor]青R        	Foil	EN	4,000	1
https://www.hareruyamtg.com/ja/products/detail/128666?lang=JP	【JP】■拡張アート■《気まぐれな呪文踊り/Mercurial Spelldancer》(381)[ONE-BF]青R        		JP	580	25
https://www.hareruyamtg.com/ja/products/detail/128846?lang=JP	【JP】【Foil】■拡張アート■《気まぐれな呪文踊り/Mercurial Spelldancer》(381)[ONE-BF]青R        	Foil	JP	1,580	50
https://www.hareruyamtg.com/ja/products/detail/128666?lang=EN	【EN】■拡張アート■《気まぐれな呪文踊り/Mercurial Spelldancer》(381)[ONE-BF]青R        		EN	580	44
https://www.hareruyamtg.com/ja/products/detail/128846?lang=EN	【EN】【Foil】■拡張アート■《気まぐれな呪文踊り/Mercurial Spelldancer》(381)[ONE-BF]青R        	Foil	EN	1,600	4
https://www.hareruyamtg.com/ja/products/detail/128847?lang=JP	【JP】【Foil】■拡張アート■《精神接合器/Mindsplice Apparatus》(382)[ONE-BF]青R        	Foil	JP	150	7
https://www.hareruyamtg.com/ja/products/detail/128572?lang=JP	【JP】■ショーケース■《水銀の魚捕り/Quicksilver Fisher》(287)[ONE-BF]青C        		JP	30	30
https://www.hareruyamtg.com/ja/products/detail/128715?lang=JP	【JP】【S&amp;C・F】《水銀の魚捕り/Quicksilver Fisher》(430)[ONE-BF]青C        	Foil	JP	30	31
https://www.hareruyamtg.com/ja/products/detail/128777?lang=JP	【JP】【Foil】■ショーケース■《水銀の魚捕り/Quicksilver Fisher》(287)[ONE-BF]青C        	Foil	JP	30	36
https://www.hareruyamtg.com/ja/products/detail/128572?lang=EN	【EN】■ショーケース■《水銀の魚捕り/Quicksilver Fisher》(287)[ONE-BF]青C        		EN	30	22
https://www.hareruyamtg.com/ja/products/detail/128715?lang=EN	【EN】【S&amp;C・F】《水銀の魚捕り/Quicksilver Fisher》(430)[ONE-BF]青C        	Foil	EN	30	4
https://www.hareruyamtg.com/ja/products/detail/128777?lang=EN	【EN】【Foil】■ショーケース■《水銀の魚捕り/Quicksilver Fisher》(287)[ONE-BF]青C        	Foil	EN	30	19
https://www.hareruyamtg.com/ja/products/detail/128695?lang=JP	【JP】■拡張アート■《血清の君主/Serum Sovereign》(410)[ONE-BF]青R        		JP	50	35
https://www.hareruyamtg.com/ja/products/detail/128695?lang=EN	【EN】■拡張アート■《血清の君主/Serum Sovereign》(410)[ONE-BF]青R        		EN	50	4
https://www.hareruyamtg.com/ja/products/detail/128587?lang=JP	【JP】■ボーダーレス■《尋問のドミヌス、テクータル/Tekuthal, Inquiry Dominus》(302)[ONE-BF]青R        		JP	200	35
https://www.hareruyamtg.com/ja/products/detail/128716?lang=JP	【JP】【S&amp;C・F】《尋問のドミヌス、テクータル/Tekuthal, Inquiry Dominus》(431)[ONE-BF]青R        	Foil	JP	600	6
https://www.hareruyamtg.com/ja/products/detail/128792?lang=JP	【JP】【Foil】■ボーダーレス■《尋問のドミヌス、テクータル/Tekuthal, Inquiry Dominus》(302)[ONE-BF]青R        	Foil	JP	400	26
https://www.hareruyamtg.com/ja/products/detail/128587?lang=EN	【EN】■ボーダーレス■《尋問のドミヌス、テクータル/Tekuthal, Inquiry Dominus》(302)[ONE-BF]青R        		EN	380	15
https://www.hareruyamtg.com/ja/products/detail/128634?lang=EN	【EN】【オイルスリック・Foil】《尋問のドミヌス、テクータル/Tekuthal, Inquiry Dominus》(349)[ONE-BF]青R        	Foil	EN	1,500	3
https://www.hareruyamtg.com/ja/products/detail/128716?lang=EN	【EN】【S&amp;C・F】《尋問のドミヌス、テクータル/Tekuthal, Inquiry Dominus》(431)[ONE-BF]青R        	Foil	EN	1,500	5
https://www.hareruyamtg.com/ja/products/detail/128792?lang=EN	【EN】【Foil】■ボーダーレス■《尋問のドミヌス、テクータル/Tekuthal, Inquiry Dominus》(302)[ONE-BF]青R        	Foil	EN	600	12
https://www.hareruyamtg.com/ja/products/detail/128573?lang=JP	【JP】■ショーケース■《かき鳴らし鳥/Thrummingbird》(288)[ONE-BF]青U        		JP	50	74
https://www.hareruyamtg.com/ja/products/detail/128717?lang=JP	【JP】【S&amp;C・F】《かき鳴らし鳥/Thrummingbird》(432)[ONE-BF]青U        	Foil	JP	100	13
https://www.hareruyamtg.com/ja/products/detail/128778?lang=JP	【JP】【Foil】■ショーケース■《かき鳴らし鳥/Thrummingbird》(288)[ONE-BF]青U        	Foil	JP	50	22
https://www.hareruyamtg.com/ja/products/detail/128573?lang=EN	【EN】■ショーケース■《かき鳴らし鳥/Thrummingbird》(288)[ONE-BF]青U        		EN	50	35
https://www.hareruyamtg.com/ja/products/detail/128778?lang=EN	【EN】【Foil】■ショーケース■《かき鳴らし鳥/Thrummingbird》(288)[ONE-BF]青U        	Foil	EN	50	8
https://www.hareruyamtg.com/ja/products/detail/128588?lang=JP	【JP】■ボーダーレス■《大変成家、アンクタス/Unctus, Grand Metatect》(303)[ONE-BF]青R        		JP	50	39
https://www.hareruyamtg.com/ja/products/detail/128793?lang=JP	【JP】【Foil】■ボーダーレス■《大変成家、アンクタス/Unctus, Grand Metatect》(303)[ONE-BF]青R        	Foil	JP	200	3
https://www.hareruyamtg.com/ja/products/detail/128588?lang=EN	【EN】■ボーダーレス■《大変成家、アンクタス/Unctus, Grand Metatect》(303)[ONE-BF]青R        		EN	50	4
https://www.hareruyamtg.com/ja/products/detail/128793?lang=EN	【EN】【Foil】■ボーダーレス■《大変成家、アンクタス/Unctus, Grand Metatect》(303)[ONE-BF]青R        	Foil	EN	200	7
https://www.hareruyamtg.com/ja/products/detail/128589?lang=JP	【JP】■ボーダーレス■《ドロスの魔神/Archfiend of the Dross》(304)[ONE-BF]黒R        		JP	100	17
https://www.hareruyamtg.com/ja/products/detail/128794?lang=JP	【JP】【Foil】■ボーダーレス■《ドロスの魔神/Archfiend of the Dross》(304)[ONE-BF]黒R        	Foil	JP	300	1
https://www.hareruyamtg.com/ja/products/detail/128589?lang=EN	【EN】■ボーダーレス■《ドロスの魔神/Archfiend of the Dross》(304)[ONE-BF]黒R        		EN	100	16
https://www.hareruyamtg.com/ja/products/detail/128668?lang=JP	【JP】■拡張アート■《黒の太陽の黄昏/Black Sun&#039;s Twilight》(383)[ONE-BF]黒R        		JP	50	47
https://www.hareruyamtg.com/ja/products/detail/128848?lang=JP	【JP】【Foil】■拡張アート■《黒の太陽の黄昏/Black Sun&#039;s Twilight》(383)[ONE-BF]黒R        	Foil	JP	200	5
https://www.hareruyamtg.com/ja/products/detail/128668?lang=EN	【EN】■拡張アート■《黒の太陽の黄昏/Black Sun&#039;s Twilight》(383)[ONE-BF]黒R        		EN	50	12
https://www.hareruyamtg.com/ja/products/detail/128848?lang=EN	【EN】【Foil】■拡張アート■《黒の太陽の黄昏/Black Sun&#039;s Twilight》(383)[ONE-BF]黒R        	Foil	EN	200	2
https://www.hareruyamtg.com/ja/products/detail/128574?lang=JP	【JP】■ショーケース■《腐り腹のネズミ/Blightbelly Rat》(289)[ONE-BF]黒C        		JP	30	188
https://www.hareruyamtg.com/ja/products/detail/128720?lang=JP	【JP】【S&amp;C・F】《腐り腹のネズミ/Blightbelly Rat》(435)[ONE-BF]黒U        	Foil	JP	50	8
https://www.hareruyamtg.com/ja/products/detail/128779?lang=JP	【JP】【Foil】■ショーケース■《腐り腹のネズミ/Blightbelly Rat》(289)[ONE-BF]黒C        	Foil	JP	30	16
https://www.hareruyamtg.com/ja/products/detail/128574?lang=EN	【EN】■ショーケース■《腐り腹のネズミ/Blightbelly Rat》(289)[ONE-BF]黒C        		EN	30	33
https://www.hareruyamtg.com/ja/products/detail/128779?lang=EN	【EN】【Foil】■ショーケース■《腐り腹のネズミ/Blightbelly Rat》(289)[ONE-BF]黒C        	Foil	EN	30	9
https://www.hareruyamtg.com/ja/products/detail/128575?lang=JP	【JP】■ショーケース■《骨拾いのスカージ/Bonepicker Skirge》(290)[ONE-BF]黒C        		JP	30	30
https://www.hareruyamtg.com/ja/products/detail/128721?lang=JP	【JP】【S&amp;C・F】《骨拾いのスカージ/Bonepicker Skirge》(436)[ONE-BF]黒C        	Foil	JP	50	29
https://www.hareruyamtg.com/ja/products/detail/128780?lang=JP	【JP】【Foil】■ショーケース■《骨拾いのスカージ/Bonepicker Skirge》(290)[ONE-BF]黒C        	Foil	JP	30	38
