https://www.singlestar.jp/product/232019	Thousand-Year Storm (エッチング仕様) 	英語版	Foil	380	3
https://www.singlestar.jp/product/232020	Thousand-Year Storm (エッチング仕様) 	日本語版	Foil	280	4
https://www.singlestar.jp/product/232021	Thousand-Year Storm (全面アート・海外産ブースター版) 	英語版	Foil	380	4
https://www.singlestar.jp/product/232022	Thousand-Year Storm (全面アート・海外産ブースター版) 	日本語版	Foil	130	8
https://www.singlestar.jp/product/232023	Thousand-Year Storm ● (全面アート・日本産ブースター版) 	英語版	Foil	380	4
https://www.singlestar.jp/product/232024	Thousand-Year Storm ● (全面アート・日本産ブースター版) 	日本語版	Foil	280	4
https://www.singlestar.jp/product/232025	Thraximundar 	英語版	Foil	130	4
https://www.singlestar.jp/product/232026	Thraximundar 	日本語版	Foil	130	4
https://www.singlestar.jp/product/232027	Thraximundar (エッチング仕様) 	英語版	Foil	280	3
https://www.singlestar.jp/product/232028	Thraximundar (エッチング仕様) 	日本語版	Foil	330	4
https://www.singlestar.jp/product/232029	Ulasht, the Hate Seed 	英語版	Foil	50	4
https://www.singlestar.jp/product/232030	Ulasht, the Hate Seed 	日本語版	Foil	50	4
https://www.singlestar.jp/product/232031	Ulasht, the Hate Seed (エッチング仕様) 	英語版	Foil	180	4
https://www.singlestar.jp/product/232032	Ulasht, the Hate Seed (エッチング仕様) 	日本語版	Foil	180	4
https://www.singlestar.jp/product/232033	Varina, Lich Queen 	英語版	Foil	130	4
https://www.singlestar.jp/product/232034	Varina, Lich Queen 	日本語版	Foil	130	4
https://www.singlestar.jp/product/232035	Varina, Lich Queen (エッチング仕様) 	英語版	Foil	380	3
https://www.singlestar.jp/product/232036	Varina, Lich Queen (エッチング仕様) 	日本語版	Foil	280	4
https://www.singlestar.jp/product/232037	Villainous Wealth 	英語版	Foil	130	4
https://www.singlestar.jp/product/232038	Villainous Wealth 	日本語版	Foil	50	2
https://www.singlestar.jp/product/232039	Villainous Wealth (エッチング仕様) 	英語版	Foil	380	4
https://www.singlestar.jp/product/232040	Villainous Wealth (エッチング仕様) 	日本語版	Foil	180	4
https://www.singlestar.jp/product/232041	Wasitora, Nekoru Queen 	英語版	Foil	380	2
https://www.singlestar.jp/product/232042	Wasitora, Nekoru Queen 	日本語版	Foil	250	3
https://www.singlestar.jp/product/232043	Wasitora, Nekoru Queen (エッチング仕様) 	英語版	Foil	480	1
https://www.singlestar.jp/product/232044	Wasitora, Nekoru Queen (エッチング仕様) 	日本語版	Foil	480	
https://www.singlestar.jp/product/232045	Wilt-Leaf Liege 	英語版	Foil	130	4
https://www.singlestar.jp/product/232046	Wilt-Leaf Liege 	日本語版	Foil	100	4
https://www.singlestar.jp/product/232047	Wilt-Leaf Liege (エッチング仕様) 	英語版	Foil	380	4
https://www.singlestar.jp/product/232048	Wilt-Leaf Liege (エッチング仕様) 	日本語版	Foil	280	4
https://www.singlestar.jp/product/232049	Zur the Enchanter 	英語版	Foil	280	4
https://www.singlestar.jp/product/232050	Zur the Enchanter 	日本語版	Foil	200	4
https://www.singlestar.jp/product/232051	Zur the Enchanter (エッチング仕様) 	英語版	Foil	380	4
https://www.singlestar.jp/product/232052	Zur the Enchanter (エッチング仕様) 	日本語版	Foil	180	4
https://www.singlestar.jp/product/232053	Aether Vial 	英語版	Foil	1,680	
https://www.singlestar.jp/product/232054	Aether Vial 	日本語版	Foil	1,750	
https://www.singlestar.jp/product/232055	Aether Vial (エッチング仕様) 	英語版	Foil	2,600	
https://www.singlestar.jp/product/232056	Aether Vial (エッチング仕様) 	日本語版	Foil	2,450	
https://www.singlestar.jp/product/232057	Aether Vial (全面アート・海外産ブースター版) 	英語版	Foil	2,480	
https://www.singlestar.jp/product/232058	Aether Vial (全面アート・海外産ブースター版) 	日本語版	Foil	3,230	
https://www.singlestar.jp/product/232059	Aether Vial ● (全面アート・日本産ブースター版) 	英語版	Foil	3,480	
https://www.singlestar.jp/product/232060	Aether Vial ● (全面アート・日本産ブースター版) 	日本語版	Foil	3,280	1
https://www.singlestar.jp/product/232061	Bloodforged Battle-Axe 	英語版	Foil	400	4
https://www.singlestar.jp/product/232062	Bloodforged Battle-Axe 	日本語版	Foil	180	4
https://www.singlestar.jp/product/232063	Bloodforged Battle-Axe (エッチング仕様) 	英語版	Foil	480	4
https://www.singlestar.jp/product/232064	Bloodforged Battle-Axe (エッチング仕様) 	日本語版	Foil	480	4
https://www.singlestar.jp/product/232065	Bloodforged Battle-Axe (全面アート・海外産ブースター版) 	英語版	Foil	380	4
https://www.singlestar.jp/product/232066	Bloodforged Battle-Axe (全面アート・海外産ブースター版) 	日本語版	Foil	180	8
https://www.singlestar.jp/product/232067	Bloodforged Battle-Axe ● (全面アート・日本産ブースター版) 	英語版	Foil	480	4
https://www.singlestar.jp/product/232068	Bloodforged Battle-Axe ● (全面アート・日本産ブースター版) 	日本語版	Foil	380	4
https://www.singlestar.jp/product/232069	Conqueror's Flail 	英語版	Foil	480	1
https://www.singlestar.jp/product/232070	Conqueror's Flail 	日本語版	Foil	480	4
https://www.singlestar.jp/product/232071	Conqueror's Flail (エッチング仕様) 	英語版	Foil	1,000	
https://www.singlestar.jp/product/232072	Conqueror's Flail (エッチング仕様) 	日本語版	Foil	480	
https://www.singlestar.jp/product/232073	Darksteel Plate 	英語版	Foil	480	
https://www.singlestar.jp/product/232074	Darksteel Plate 	日本語版	Foil	280	4
https://www.singlestar.jp/product/232075	Darksteel Plate (エッチング仕様) 	英語版	Foil	750	
https://www.singlestar.jp/product/232076	Darksteel Plate (エッチング仕様) 	日本語版	Foil	480	1
https://www.singlestar.jp/product/232077	Nim Deathmantle 	英語版	Foil	400	4
https://www.singlestar.jp/product/232078	Nim Deathmantle 	日本語版	Foil	230	4
https://www.singlestar.jp/product/232079	Nim Deathmantle (エッチング仕様) 	英語版	Foil	480	
https://www.singlestar.jp/product/232080	Nim Deathmantle (エッチング仕様) 	日本語版	Foil	280	3
https://www.singlestar.jp/product/232081	Panharmonicon 	英語版	Foil	550	3
https://www.singlestar.jp/product/232082	Panharmonicon 	日本語版	Foil	380	4
https://www.singlestar.jp/product/232083	Panharmonicon (エッチング仕様) 	英語版	Foil	480	
https://www.singlestar.jp/product/232084	Panharmonicon (エッチング仕様) 	日本語版	Foil	400	4
https://www.singlestar.jp/product/232085	Panharmonicon (全面アート・海外産ブースター版) 	英語版	Foil	750	1
https://www.singlestar.jp/product/232086	Panharmonicon (全面アート・海外産ブースター版) 	日本語版	Foil	280	8
https://www.singlestar.jp/product/232087	Panharmonicon ● (全面アート・日本産ブースター版) 	英語版	Foil	480	
https://www.singlestar.jp/product/232088	Panharmonicon ● (全面アート・日本産ブースター版) 	日本語版	Foil	400	4
https://www.singlestar.jp/product/232089	Phyrexian Altar 	英語版	Foil	2,450	
https://www.singlestar.jp/product/232090	Phyrexian Altar 	日本語版	Foil	1,380	
https://www.singlestar.jp/product/232091	Phyrexian Altar (エッチング仕様) 	英語版	Foil	3,180	
https://www.singlestar.jp/product/232092	Phyrexian Altar (エッチング仕様) 	日本語版	Foil	1,280	
https://www.singlestar.jp/product/232093	Phyrexian Altar (全面アート・海外産ブースター版) 	英語版	Foil	3,280	
https://www.singlestar.jp/product/232094	Phyrexian Altar (全面アート・海外産ブースター版) 	日本語版	Foil	1,980	4
https://www.singlestar.jp/product/232095	Phyrexian Altar ● (全面アート・日本産ブースター版) 	英語版	Foil	3,150	
https://www.singlestar.jp/product/232096	Phyrexian Altar ● (全面アート・日本産ブースター版) 	日本語版	Foil	2,200	
https://www.singlestar.jp/product/232097	Pithing Needle 	英語版	Foil	430	
https://www.singlestar.jp/product/232098	Pithing Needle 	日本語版	Foil	480	4
https://www.singlestar.jp/product/232099	Pithing Needle (エッチング仕様) 	英語版	Foil	630	
https://www.singlestar.jp/product/232100	Pithing Needle (エッチング仕様) 	日本語版	Foil	480	
https://www.singlestar.jp/product/232101	Pithing Needle (全面アート・海外産ブースター版) 	英語版	Foil	500	
https://www.singlestar.jp/product/232102	Pithing Needle (全面アート・海外産ブースター版) 	日本語版	Foil	480	4
https://www.singlestar.jp/product/232103	Pithing Needle ● (全面アート・日本産ブースター版) 	英語版	Foil	2,580	
https://www.singlestar.jp/product/232104	Pithing Needle ● (全面アート・日本産ブースター版) 	日本語版	Foil	480	
https://www.singlestar.jp/product/232105	Planar Bridge 	英語版	Foil	230	3
https://www.singlestar.jp/product/232106	Planar Bridge 	日本語版	Foil	100	4
https://www.singlestar.jp/product/232107	Planar Bridge (エッチング仕様) 	英語版	Foil	480	2
https://www.singlestar.jp/product/232108	Planar Bridge (エッチング仕様) 	日本語版	Foil	280	4
https://www.singlestar.jp/product/232109	Sensei's Divining Top 	英語版	Foil	1,650	
https://www.singlestar.jp/product/232110	Sensei's Divining Top 	日本語版	Foil	1,480	
https://www.singlestar.jp/product/232111	Sensei's Divining Top (エッチング仕様) 	英語版	Foil	3,030	
https://www.singlestar.jp/product/232112	Sensei's Divining Top (エッチング仕様) 	日本語版	Foil	1,950	
https://www.singlestar.jp/product/232113	Sensei's Divining Top (全面アート・海外産ブースター版) 	英語版	Foil	2,750	
https://www.singlestar.jp/product/232114	Sensei's Divining Top (全面アート・海外産ブースター版) 	日本語版	Foil	2,000	
https://www.singlestar.jp/product/232115	Sensei's Divining Top ● (全面アート・日本産ブースター版) 	英語版	Foil	3,400	
https://www.singlestar.jp/product/232116	Sensei's Divining Top ● (全面アート・日本産ブースター版) 	日本語版	Foil	2,400	
https://www.singlestar.jp/product/232117	Thrumming Stone 	英語版	Foil	480	4
https://www.singlestar.jp/product/232118	Thrumming Stone 	日本語版	Foil	100	2
