https://www.singlestar.jp/product/230364	Seekers' Squire 	英語版		20	18
https://www.singlestar.jp/product/230365	Seekers' Squire 	日本語版		10	4
https://www.singlestar.jp/product/231150	Severed Strands 	英語版		10	40
https://www.singlestar.jp/product/231151	Severed Strands 	日本語版		10	40
https://www.singlestar.jp/product/231152	Shadowborn Apostle 	英語版		130	20
https://www.singlestar.jp/product/231153	Shadowborn Apostle 	日本語版		80	40
https://www.singlestar.jp/product/231154	Skeleton Archer 	英語版		10	40
https://www.singlestar.jp/product/231155	Skeleton Archer 	日本語版		10	40
https://www.singlestar.jp/product/231156	Strands of Undeath 	英語版		10	40
https://www.singlestar.jp/product/231157	Strands of Undeath 	日本語版		10	40
https://www.singlestar.jp/product/231158	Supernatural Stamina 	英語版		10	40
https://www.singlestar.jp/product/231159	Supernatural Stamina 	日本語版		10	40
https://www.singlestar.jp/product/230366	Unearth 	英語版		20	3
https://www.singlestar.jp/product/230367	Unearth 	日本語版		50	20
https://www.singlestar.jp/product/230368	Unearth (全面アート版) 	英語版		80	20
https://www.singlestar.jp/product/230369	Unearth (全面アート版) 	日本語版		130	19
https://www.singlestar.jp/product/230370	Vampire Sovereign 	英語版		10	7
https://www.singlestar.jp/product/230371	Vampire Sovereign 	日本語版		30	8
https://www.singlestar.jp/product/230372	Dark-Dweller Oracle 	英語版		10	35
https://www.singlestar.jp/product/230373	Dark-Dweller Oracle 	日本語版		10	28
https://www.singlestar.jp/product/231160	Fiery Fall 	英語版		10	40
https://www.singlestar.jp/product/231161	Fiery Fall 	日本語版		10	39
https://www.singlestar.jp/product/230374	Hero of the Games 	英語版		10	40
https://www.singlestar.jp/product/230375	Hero of the Games 	日本語版		10	40
https://www.singlestar.jp/product/231162	Hissing Iguanar 	英語版		10	40
https://www.singlestar.jp/product/231163	Hissing Iguanar 	日本語版		10	39
https://www.singlestar.jp/product/231164	Kruin Striker 	英語版		10	40
https://www.singlestar.jp/product/231165	Kruin Striker 	日本語版		10	40
https://www.singlestar.jp/product/231166	Lava Coil 	英語版		10	37
https://www.singlestar.jp/product/231167	Lava Coil 	日本語版		10	20
https://www.singlestar.jp/product/231168	Living Lightning 	英語版		10	40
https://www.singlestar.jp/product/231169	Living Lightning 	日本語版		10	40
https://www.singlestar.jp/product/231170	Monastery Swiftspear 	英語版		130	20
https://www.singlestar.jp/product/231171	Monastery Swiftspear 	日本語版		50	32
https://www.singlestar.jp/product/231172	Monastery Swiftspear (全面アート版) 	英語版		130	20
https://www.singlestar.jp/product/231173	Monastery Swiftspear (全面アート版) 	日本語版		80	40
https://www.singlestar.jp/product/230376	Pirate's Pillage 	英語版		10	37
https://www.singlestar.jp/product/230377	Pirate's Pillage 	日本語版		10	21
https://www.singlestar.jp/product/231174	Purphoros's Emissary 	英語版		10	40
https://www.singlestar.jp/product/231175	Purphoros's Emissary 	日本語版		10	40
https://www.singlestar.jp/product/230378	Rift Bolt 	英語版		10	12
https://www.singlestar.jp/product/230379	Rift Bolt 	日本語版		20	8
https://www.singlestar.jp/product/231176	Sparkmage's Gambit 	英語版		10	40
https://www.singlestar.jp/product/231177	Sparkmage's Gambit 	日本語版		10	40
https://www.singlestar.jp/product/230380	Storm Fleet Pyromancer 	英語版		10	40
https://www.singlestar.jp/product/230381	Storm Fleet Pyromancer 	日本語版		10	40
https://www.singlestar.jp/product/231178	Titan's Strength 	英語版		10	33
https://www.singlestar.jp/product/231179	Titan's Strength 	日本語版		10	35
https://www.singlestar.jp/product/231180	Ambuscade 	英語版		10	40
https://www.singlestar.jp/product/231181	Ambuscade 	日本語版		10	40
https://www.singlestar.jp/product/230382	Annoyed Altisaur 	英語版		20	21
https://www.singlestar.jp/product/230383	Annoyed Altisaur 	日本語版		20	21
https://www.singlestar.jp/product/230893	Arachnus Web 	英語版		10	40
https://www.singlestar.jp/product/230894	Arachnus Web 	日本語版		10	40
https://www.singlestar.jp/product/230384	Brindle Shoat 	英語版		10	40
https://www.singlestar.jp/product/230385	Brindle Shoat 	日本語版		10	32
https://www.singlestar.jp/product/231182	Deadly Recluse 	英語版		10	33
https://www.singlestar.jp/product/231183	Deadly Recluse 	日本語版		10	36
https://www.singlestar.jp/product/230386	Elvish Rejuvenator 	英語版		10	40
https://www.singlestar.jp/product/230387	Elvish Rejuvenator 	日本語版		10	40
https://www.singlestar.jp/product/230388	Experiment One 	英語版		20	32
https://www.singlestar.jp/product/230389	Experiment One 	日本語版		20	7
https://www.singlestar.jp/product/230390	Gnarlback Rhino 	英語版		10	36
https://www.singlestar.jp/product/230391	Gnarlback Rhino 	日本語版		10	31
https://www.singlestar.jp/product/231184	Grapple with the Past 	英語版		10	39
https://www.singlestar.jp/product/231185	Grapple with the Past 	日本語版		10	28
https://www.singlestar.jp/product/231186	Might of Old Krosa 	英語版		20	16
https://www.singlestar.jp/product/231187	Might of Old Krosa 	日本語版		20	30
https://www.singlestar.jp/product/230392	Rampant Growth 	英語版		10	17
https://www.singlestar.jp/product/230393	Rampant Growth 	日本語版		10	31
https://www.singlestar.jp/product/230394	Rampant Growth (全面アート版) 	英語版		50	17
https://www.singlestar.jp/product/230395	Rampant Growth (全面アート版) 	日本語版		20	12
https://www.singlestar.jp/product/230396	Thrive 	英語版		10	40
https://www.singlestar.jp/product/230397	Thrive 	日本語版		10	40
https://www.singlestar.jp/product/230398	Tuskguard Captain 	英語版		10	40
https://www.singlestar.jp/product/230399	Tuskguard Captain 	日本語版		10	40
https://www.singlestar.jp/product/230400	Webweaver Changeling 	英語版		10	40
https://www.singlestar.jp/product/230401	Webweaver Changeling 	日本語版		10	40
https://www.singlestar.jp/product/231188	Agony Warp 	英語版		10	31
https://www.singlestar.jp/product/231189	Agony Warp 	日本語版		10	9
https://www.singlestar.jp/product/231190	Auger Spree 	英語版		10	40
https://www.singlestar.jp/product/231191	Auger Spree 	日本語版		10	40
https://www.singlestar.jp/product/230402	Bloodwater Entity 	英語版		10	39
https://www.singlestar.jp/product/230403	Bloodwater Entity 	日本語版		10	32
https://www.singlestar.jp/product/231192	Burning-Tree Emissary 	英語版		80	5
https://www.singlestar.jp/product/231193	Burning-Tree Emissary 	日本語版		30	12
https://www.singlestar.jp/product/231194	Burning-Tree Emissary (全面アート版) 	英語版		130	20
https://www.singlestar.jp/product/231195	Burning-Tree Emissary (全面アート版) 	日本語版		50	20
https://www.singlestar.jp/product/231196	Call to the Feast 	英語版		10	40
https://www.singlestar.jp/product/231197	Call to the Feast 	日本語版		10	36
https://www.singlestar.jp/product/230404	Cartel Aristocrat 	英語版		10	40
https://www.singlestar.jp/product/230405	Cartel Aristocrat 	日本語版		10	36
https://www.singlestar.jp/product/230406	Chronicler of Heroes 	英語版		10	40
https://www.singlestar.jp/product/230407	Chronicler of Heroes 	日本語版		10	40
https://www.singlestar.jp/product/231198	Coiling Oracle 	英語版		10	20
https://www.singlestar.jp/product/231199	Coiling Oracle 	日本語版		10	31
https://www.singlestar.jp/product/231200	Coiling Oracle (全面アート版) 	英語版		20	8
https://www.singlestar.jp/product/231201	Coiling Oracle (全面アート版) 	日本語版		10	30
https://www.singlestar.jp/product/230408	Dreg Mangler 	英語版		10	40
https://www.singlestar.jp/product/230409	Dreg Mangler 	日本語版		10	36
