https://www.singlestar.jp/product/236624	Squee, Dubious Monarch (ショーケース版・テクスチャー仕様) 	英語版	Foil	180	8
https://www.singlestar.jp/product/236625	Squee, Dubious Monarch (ショーケース版・テクスチャー仕様) 	日本語版	Foil	180	12
https://www.singlestar.jp/product/236626	Temporal Firestorm 	英語版	Foil	100	8
https://www.singlestar.jp/product/236627	Temporal Firestorm 	日本語版	Foil	20	12
https://www.singlestar.jp/product/236628	Temporal Firestorm (拡張アート版) 	英語版	Foil	130	4
https://www.singlestar.jp/product/236629	Temporal Firestorm (拡張アート版) 	日本語版	Foil	80	8
https://www.singlestar.jp/product/237543	Ragefire Hellkite 	英語版	Foil	480	4
https://www.singlestar.jp/product/237544	Ragefire Hellkite 	日本語版	Foil	180	8
https://www.singlestar.jp/product/236630	Defiler of Vigor 	英語版	Foil	280	8
https://www.singlestar.jp/product/236631	Defiler of Vigor 	日本語版	Foil	130	8
https://www.singlestar.jp/product/236632	Defiler of Vigor (拡張アート版) 	英語版	Foil	480	4
https://www.singlestar.jp/product/236633	Defiler of Vigor (拡張アート版) 	日本語版	Foil	380	4
https://www.singlestar.jp/product/236634	Herd Migration 	英語版	Foil	50	8
https://www.singlestar.jp/product/236635	Herd Migration 	日本語版	Foil	50	11
https://www.singlestar.jp/product/236636	Herd Migration (拡張アート版) 	英語版	Foil	230	8
https://www.singlestar.jp/product/236637	Herd Migration (拡張アート版) 	日本語版	Foil	100	4
https://www.singlestar.jp/product/236638	Leaf-Crowned Visionary 	英語版	Foil	280	8
https://www.singlestar.jp/product/236639	Leaf-Crowned Visionary 	日本語版	Foil	180	12
https://www.singlestar.jp/product/236640	Leaf-Crowned Visionary (拡張アート版) 	英語版	Foil	400	4
https://www.singlestar.jp/product/236641	Leaf-Crowned Visionary (拡張アート版) 	日本語版	Foil	430	8
https://www.singlestar.jp/product/236642	Llanowar Greenwidow 	英語版	Foil	20	12
https://www.singlestar.jp/product/236643	Llanowar Greenwidow 	日本語版	Foil	30	3
https://www.singlestar.jp/product/236644	Llanowar Greenwidow (拡張アート版) 	英語版	Foil	180	8
https://www.singlestar.jp/product/236645	Llanowar Greenwidow (拡張アート版) 	日本語版	Foil	100	8
https://www.singlestar.jp/product/236646	Llanowar Loamspeaker 	英語版	Foil	180	12
https://www.singlestar.jp/product/236647	Llanowar Loamspeaker 	日本語版	Foil	130	8
https://www.singlestar.jp/product/236648	Llanowar Loamspeaker (拡張アート版) 	英語版	Foil	230	8
https://www.singlestar.jp/product/236649	Llanowar Loamspeaker (拡張アート版) 	日本語版	Foil	180	4
https://www.singlestar.jp/product/236650	Quirion Beastcaller 	英語版	Foil	180	12
https://www.singlestar.jp/product/236651	Quirion Beastcaller 	日本語版	Foil	200	8
https://www.singlestar.jp/product/236652	Quirion Beastcaller (拡張アート版) 	英語版	Foil	330	8
https://www.singlestar.jp/product/236653	Quirion Beastcaller (拡張アート版) 	日本語版	Foil	330	8
https://www.singlestar.jp/product/236654	Threats Undetected 	英語版	Foil	80	8
https://www.singlestar.jp/product/236655	Threats Undetected 	日本語版	Foil	80	12
https://www.singlestar.jp/product/236656	Threats Undetected (拡張アート版) 	英語版	Foil	230	8
https://www.singlestar.jp/product/236657	Threats Undetected (拡張アート版) 	日本語版	Foil	180	8
https://www.singlestar.jp/product/236658	Urborg Lhurgoyf 	英語版	Foil	180	12
https://www.singlestar.jp/product/236659	Urborg Lhurgoyf 	日本語版	Foil	180	12
https://www.singlestar.jp/product/236660	Urborg Lhurgoyf (拡張アート版) 	英語版	Foil	280	8
https://www.singlestar.jp/product/236661	Urborg Lhurgoyf (拡張アート版) 	日本語版	Foil	280	8
https://www.singlestar.jp/product/237545	Briar Hydra 	英語版	Foil	130	4
https://www.singlestar.jp/product/237546	Briar Hydra 	日本語版	Foil	30	8
https://www.singlestar.jp/product/236662	Astor, Bearer of Blades 	英語版	Foil	20	10
https://www.singlestar.jp/product/236663	Astor, Bearer of Blades 	日本語版	Foil	20	5
https://www.singlestar.jp/product/236664	Astor, Bearer of Blades (ショーケース・海外産ブースター版) 	英語版	Foil	50	4
https://www.singlestar.jp/product/236665	Astor, Bearer of Blades (ショーケース・海外産ブースター版) 	日本語版	Foil	50	8
https://www.singlestar.jp/product/236666	Astor, Bearer of Blades ● (ショーケース・日本産ブースター版) 	英語版	Foil	130	8
https://www.singlestar.jp/product/236667	Astor, Bearer of Blades ● (ショーケース・日本産ブースター版) 	日本語版	Foil	100	12
https://www.singlestar.jp/product/236668	Astor, Bearer of Blades (ショーケース版・テクスチャー仕様) 	英語版	Foil	80	8
https://www.singlestar.jp/product/236669	Astor, Bearer of Blades (ショーケース版・テクスチャー仕様) 	日本語版	Foil	80	5
https://www.singlestar.jp/product/236670	Ertai Resurrected 	英語版	Foil	230	8
https://www.singlestar.jp/product/236671	Ertai Resurrected 	日本語版	Foil	150	12
https://www.singlestar.jp/product/236672	Ertai Resurrected (ショーケース・海外産ブースター版) 	英語版	Foil	180	8
https://www.singlestar.jp/product/236673	Ertai Resurrected (ショーケース・海外産ブースター版) 	日本語版	Foil	130	8
https://www.singlestar.jp/product/236674	Ertai Resurrected ● (ショーケース・日本産ブースター版) 	英語版	Foil	180	8
https://www.singlestar.jp/product/236675	Ertai Resurrected ● (ショーケース・日本産ブースター版) 	日本語版	Foil	100	8
https://www.singlestar.jp/product/236676	Ertai Resurrected (ショーケース版・テクスチャー仕様) 	英語版	Foil	180	12
https://www.singlestar.jp/product/236677	Ertai Resurrected (ショーケース版・テクスチャー仕様) 	日本語版	Foil	180	12
https://www.singlestar.jp/product/236678	Ivy, Gleeful Spellthief 	英語版	Foil	150	12
https://www.singlestar.jp/product/236679	Ivy, Gleeful Spellthief 	日本語版	Foil	130	12
https://www.singlestar.jp/product/236680	Ivy, Gleeful Spellthief (ショーケース・海外産ブースター版) 	英語版	Foil	280	8
https://www.singlestar.jp/product/236681	Ivy, Gleeful Spellthief (ショーケース・海外産ブースター版) 	日本語版	Foil	100	8
https://www.singlestar.jp/product/236682	Ivy, Gleeful Spellthief ● (ショーケース・日本産ブースター版) 	英語版	Foil	250	8
https://www.singlestar.jp/product/236683	Ivy, Gleeful Spellthief ● (ショーケース・日本産ブースター版) 	日本語版	Foil	100	8
https://www.singlestar.jp/product/236684	Ivy, Gleeful Spellthief (ショーケース版・テクスチャー仕様) 	英語版	Foil	230	12
https://www.singlestar.jp/product/236685	Ivy, Gleeful Spellthief (ショーケース版・テクスチャー仕様) 	日本語版	Foil	180	12
https://www.singlestar.jp/product/236686	Jhoira, Ageless Innovator 	英語版	Foil	230	12
https://www.singlestar.jp/product/236687	Jhoira, Ageless Innovator 	日本語版	Foil	130	12
https://www.singlestar.jp/product/236688	Jhoira, Ageless Innovator (ショーケース・海外産ブースター版) 	英語版	Foil	100	8
https://www.singlestar.jp/product/236689	Jhoira, Ageless Innovator (ショーケース・海外産ブースター版) 	日本語版	Foil	100	8
https://www.singlestar.jp/product/236690	Jhoira, Ageless Innovator ● (ショーケース・日本産ブースター版) 	英語版	Foil	280	4
https://www.singlestar.jp/product/236691	Jhoira, Ageless Innovator ● (ショーケース・日本産ブースター版) 	日本語版	Foil	100	8
https://www.singlestar.jp/product/236692	Jhoira, Ageless Innovator (ショーケース版・テクスチャー仕様) 	英語版	Foil	230	8
https://www.singlestar.jp/product/236693	Jhoira, Ageless Innovator (ショーケース版・テクスチャー仕様) 	日本語版	Foil	230	12
https://www.singlestar.jp/product/236694	King Darien XLVIII 	英語版	Foil	130	7
https://www.singlestar.jp/product/236695	King Darien XLVIII 	日本語版	Foil	50	8
https://www.singlestar.jp/product/236696	King Darien XLVIII (ショーケース・海外産ブースター版) 	英語版	Foil	80	8
https://www.singlestar.jp/product/236697	King Darien XLVIII (ショーケース・海外産ブースター版) 	日本語版	Foil	30	4
https://www.singlestar.jp/product/236698	King Darien XLVIII ● (ショーケース・日本産ブースター版) 	英語版	Foil	180	8
https://www.singlestar.jp/product/236699	King Darien XLVIII ● (ショーケース・日本産ブースター版) 	日本語版	Foil	80	12
https://www.singlestar.jp/product/236700	King Darien XLVIII (ショーケース版・テクスチャー仕様) 	英語版	Foil	80	7
https://www.singlestar.jp/product/236701	King Darien XLVIII (ショーケース版・テクスチャー仕様) 	日本語版	Foil	80	12
https://www.singlestar.jp/product/236702	Meria, Scholar of Antiquity 	英語版	Foil	230	8
https://www.singlestar.jp/product/236703	Meria, Scholar of Antiquity 	日本語版	Foil	80	5
https://www.singlestar.jp/product/236704	Meria, Scholar of Antiquity (ショーケース・海外産ブースター版) 	英語版	Foil	280	8
https://www.singlestar.jp/product/236705	Meria, Scholar of Antiquity (ショーケース・海外産ブースター版) 	日本語版	Foil	50	4
https://www.singlestar.jp/product/236706	Meria, Scholar of Antiquity ● (ショーケース・日本産ブースター版) 	英語版	Foil	280	8
https://www.singlestar.jp/product/236707	Meria, Scholar of Antiquity ● (ショーケース・日本産ブースター版) 	日本語版	Foil	80	12
https://www.singlestar.jp/product/236708	Meria, Scholar of Antiquity (ショーケース版・テクスチャー仕様) 	英語版	Foil	180	12
https://www.singlestar.jp/product/236709	Meria, Scholar of Antiquity (ショーケース版・テクスチャー仕様) 	日本語版	Foil	80	8
https://www.singlestar.jp/product/236710	Nemata, Primeval Warden 	英語版	Foil	50	8
https://www.singlestar.jp/product/236711	Nemata, Primeval Warden 	日本語版	Foil	20	12
https://www.singlestar.jp/product/236712	Nemata, Primeval Warden (ショーケース・海外産ブースター版) 	英語版	Foil	50	8
https://www.singlestar.jp/product/236713	Nemata, Primeval Warden (ショーケース・海外産ブースター版) 	日本語版	Foil	50	8
https://www.singlestar.jp/product/236714	Nemata, Primeval Warden ● (ショーケース・日本産ブースター版) 	英語版	Foil	130	8
https://www.singlestar.jp/product/236715	Nemata, Primeval Warden ● (ショーケース・日本産ブースター版) 	日本語版	Foil	100	12
https://www.singlestar.jp/product/236716	Nemata, Primeval Warden (ショーケース版・テクスチャー仕様) 	英語版	Foil	30	12
https://www.singlestar.jp/product/236717	Nemata, Primeval Warden (ショーケース版・テクスチャー仕様) 	日本語版	Foil	50	12
https://www.singlestar.jp/product/236718	Ratadrabik of Urborg 	英語版	Foil	50	12
https://www.singlestar.jp/product/236719	Ratadrabik of Urborg 	日本語版	Foil	50	1
