https://www.singlestar.jp/product/235883	Leyline Binding (拡張アート版) 	英語版		2,280	4
https://www.singlestar.jp/product/235884	Leyline Binding (拡張アート版) 	日本語版		2,130	
https://www.singlestar.jp/product/235287	Temporary Lockdown 	英語版		530	
https://www.singlestar.jp/product/235288	Temporary Lockdown 	日本語版		500	4
https://www.singlestar.jp/product/235289	Temporary Lockdown (拡張アート版) 	英語版		480	4
https://www.singlestar.jp/product/235290	Temporary Lockdown (拡張アート版) 	日本語版		400	4
https://www.singlestar.jp/product/236106	Urza Assembles the Titans 	英語版		180	16
https://www.singlestar.jp/product/236107	Urza Assembles the Titans 	日本語版		180	16
https://www.singlestar.jp/product/236020	Valiant Veteran 	英語版		180	20
https://www.singlestar.jp/product/236021	Valiant Veteran 	日本語版		180	16
https://www.singlestar.jp/product/236022	Valiant Veteran (拡張アート版) 	英語版		280	4
https://www.singlestar.jp/product/236023	Valiant Veteran (拡張アート版) 	日本語版		280	4
https://www.singlestar.jp/product/235847	Serra Redeemer 	英語版		20	19
https://www.singlestar.jp/product/235848	Serra Redeemer 	日本語版		20	13
https://www.singlestar.jp/product/235849	Serra Redeemer (拡張アート版) 	英語版		230	12
https://www.singlestar.jp/product/235850	Serra Redeemer (拡張アート版) 	日本語版		80	8
https://www.singlestar.jp/product/236108	Academy Loremaster 	英語版		50	16
https://www.singlestar.jp/product/236109	Academy Loremaster 	日本語版		50	16
https://www.singlestar.jp/product/236110	Academy Loremaster (拡張アート版) 	英語版		100	8
https://www.singlestar.jp/product/236111	Academy Loremaster (拡張アート版) 	日本語版		100	8
https://www.singlestar.jp/product/236112	Aether Channeler 	英語版		180	12
https://www.singlestar.jp/product/236113	Aether Channeler 	日本語版		180	20
https://www.singlestar.jp/product/236114	Aether Channeler (拡張アート版) 	英語版		280	8
https://www.singlestar.jp/product/236115	Aether Channeler (拡張アート版) 	日本語版		230	8
https://www.singlestar.jp/product/234973	Defiler of Dreams 	英語版		30	18
https://www.singlestar.jp/product/234974	Defiler of Dreams 	日本語版		50	20
https://www.singlestar.jp/product/234975	Defiler of Dreams (拡張アート版) 	英語版		130	12
https://www.singlestar.jp/product/234976	Defiler of Dreams (拡張アート版) 	日本語版		100	3
https://www.singlestar.jp/product/235885	Haughty Djinn 	英語版		330	12
https://www.singlestar.jp/product/235886	Haughty Djinn 	日本語版		330	6
https://www.singlestar.jp/product/235887	Haughty Djinn (拡張アート版) 	英語版		430	4
https://www.singlestar.jp/product/235888	Haughty Djinn (拡張アート版) 	日本語版		480	4
https://www.singlestar.jp/product/234977	The Phasing of Zhalfir 	英語版		30	20
https://www.singlestar.jp/product/234978	The Phasing of Zhalfir 	日本語版		50	20
https://www.singlestar.jp/product/235889	Silver Scrutiny 	英語版		130	20
https://www.singlestar.jp/product/235890	Silver Scrutiny 	日本語版		180	20
https://www.singlestar.jp/product/235891	Silver Scrutiny (拡張アート版) 	英語版		230	8
https://www.singlestar.jp/product/235892	Silver Scrutiny (拡張アート版) 	日本語版		200	8
https://www.singlestar.jp/product/236024	Vodalian Hexcatcher 	英語版		530	1
https://www.singlestar.jp/product/236025	Vodalian Hexcatcher 	日本語版		400	4
https://www.singlestar.jp/product/236026	Vodalian Hexcatcher (拡張アート版) 	英語版		480	4
https://www.singlestar.jp/product/236027	Vodalian Hexcatcher  (拡張アート版) 	日本語版		480	4
https://www.singlestar.jp/product/235291	Vodalian Mindsinger 	英語版		30	20
https://www.singlestar.jp/product/235292	Vodalian Mindsinger 	日本語版		50	20
https://www.singlestar.jp/product/235293	Vodalian Mindsinger (拡張アート版) 	英語版		80	8
https://www.singlestar.jp/product/235294	Vodalian Mindsinger (拡張アート版) 	日本語版		50	8
https://www.singlestar.jp/product/235851	Cosmic Epiphany 	英語版		30	20
https://www.singlestar.jp/product/235852	Cosmic Epiphany 	日本語版		20	4
https://www.singlestar.jp/product/235853	Cosmic Epiphany (拡張アート版) 	英語版		80	8
https://www.singlestar.jp/product/235854	Cosmic Epiphany (拡張アート版) 	日本語版		50	2
https://www.singlestar.jp/product/234979	Braids, Arisen Nightmare 	英語版		180	12
https://www.singlestar.jp/product/234980	Braids, Arisen Nightmare 	日本語版		80	18
https://www.singlestar.jp/product/234981	Braids, Arisen Nightmare (ショーケース版) 	英語版		180	12
https://www.singlestar.jp/product/234982	Braids, Arisen Nightmare (ショーケース版) 	日本語版		80	13
https://www.singlestar.jp/product/236116	The Cruelty of Gix 	英語版		430	16
https://www.singlestar.jp/product/236117	The Cruelty of Gix 	日本語版		180	6
https://www.singlestar.jp/product/235893	Defiler of Flesh 	英語版		30	19
https://www.singlestar.jp/product/235894	Defiler of Flesh 	日本語版		50	20
https://www.singlestar.jp/product/235895	Defiler of Flesh (拡張アート版) 	英語版		230	12
https://www.singlestar.jp/product/235896	Defiler of Flesh (拡張アート版) 	日本語版		100	8
https://www.singlestar.jp/product/235897	Drag to the Bottom 	英語版		80	19
https://www.singlestar.jp/product/235898	Drag to the Bottom 	日本語版		80	20
https://www.singlestar.jp/product/235899	Drag to the Bottom (拡張アート版) 	英語版		280	8
https://www.singlestar.jp/product/235900	Drag to the Bottom (拡張アート版) 	日本語版		230	12
https://www.singlestar.jp/product/234983	Evolved Sleeper 	英語版		180	16
https://www.singlestar.jp/product/234984	Evolved Sleeper 	日本語版		180	12
https://www.singlestar.jp/product/234985	Evolved Sleeper (拡張アート版) 	英語版		230	12
https://www.singlestar.jp/product/234986	Evolved Sleeper (拡張アート版) 	日本語版		200	8
https://www.singlestar.jp/product/234987	The Raven Man 	英語版		30	20
https://www.singlestar.jp/product/234988	The Raven Man 	日本語版		50	8
https://www.singlestar.jp/product/234989	The Raven Man (ショーケース版) 	英語版		20	16
https://www.singlestar.jp/product/234990	The Raven Man (ショーケース版) 	日本語版		30	10
https://www.singlestar.jp/product/236118	Shadow-Rite Priest 	英語版		50	19
https://www.singlestar.jp/product/236119	Shadow-Rite Priest 	日本語版		50	20
https://www.singlestar.jp/product/236120	Shadow-Rite Priest (拡張アート版) 	英語版		100	12
https://www.singlestar.jp/product/236121	Shadow-Rite Priest (拡張アート版) 	日本語版		130	12
https://www.singlestar.jp/product/235295	Stronghold Arena 	英語版		80	20
https://www.singlestar.jp/product/235296	Stronghold Arena 	日本語版		80	20
https://www.singlestar.jp/product/235297	Stronghold Arena (拡張アート版) 	英語版		100	8
https://www.singlestar.jp/product/235298	Stronghold Arena (拡張アート版) 	日本語版		100	8
https://www.singlestar.jp/product/235855	Tyrannical Pitlord 	英語版		20	20
https://www.singlestar.jp/product/235856	Tyrannical Pitlord 	日本語版		20	15
https://www.singlestar.jp/product/235857	Tyrannical Pitlord (拡張アート版) 	英語版		80	8
https://www.singlestar.jp/product/235858	Tyrannical Pitlord (拡張アート版) 	日本語版		50	8
https://www.singlestar.jp/product/235145	Chaotic Transformation 	英語版		80	20
https://www.singlestar.jp/product/235146	Chaotic Transformation 	日本語版		80	16
https://www.singlestar.jp/product/235147	Chaotic Transformation (拡張アート版) 	英語版		130	8
https://www.singlestar.jp/product/235148	Chaotic Transformation (拡張アート版) 	日本語版		130	4
https://www.singlestar.jp/product/236122	Defiler of Instinct 	英語版		50	20
https://www.singlestar.jp/product/236123	Defiler of Instinct 	日本語版		50	18
https://www.singlestar.jp/product/236124	Defiler of Instinct (拡張アート版) 	英語版		130	12
https://www.singlestar.jp/product/236125	Defiler of Instinct (拡張アート版) 	日本語版		80	4
https://www.singlestar.jp/product/236028	The Elder Dragon War 	英語版		100	16
https://www.singlestar.jp/product/236029	The Elder Dragon War 	日本語版		100	12
https://www.singlestar.jp/product/235149	Keldon Flamesage 	英語版		20	15
https://www.singlestar.jp/product/235150	Keldon Flamesage 	日本語版		30	16
https://www.singlestar.jp/product/235151	Keldon Flamesage (拡張アート版) 	英語版		30	8
https://www.singlestar.jp/product/235152	Keldon Flamesage (拡張アート版) 	日本語版		50	8
https://www.singlestar.jp/product/234991	Radha's Firebrand 	英語版		50	19
https://www.singlestar.jp/product/234992	Radha's Firebrand 	日本語版		100	20
